DELETE FROM [BOOK_LOANS];
DELETE FROM [BOOK_COPIES];
DELETE FROM [BORROWER];
DELETE FROM [LIBRARY_BRANCH];

DELETE FROM [BOOK_AUTHORS];
DELETE FROM [BOOK];
DELETE FROM [PUBLISHER];

INSERT INTO [PUBLISHER] ([Name], [Address], [Phone]) VALUES (N'Simpson, Smith and Mccullough', N'449 Morrow Parkway, Port Dawnburgh, NE 66123', N'529.763.2392x1727');
INSERT INTO [PUBLISHER] ([Name], [Address], [Phone]) VALUES (N'Rodriguez, Salinas and Watson', N'7884 Miller Bridge, Richardsberg, OR 96233', N'991-538-8911x5975');
INSERT INTO [PUBLISHER] ([Name], [Address], [Phone]) VALUES (N'Monroe-Sullivan', N'197 Michael Mountain Apt. 683, New Sheila, SD 39902', N'370-691-7755x0791');
INSERT INTO [PUBLISHER] ([Name], [Address], [Phone]) VALUES (N'Mccormick Inc', N'016 Jordan Street Apt. 633, New Williamfurt, MT 44076', N'(371)875-0106x82722');
INSERT INTO [PUBLISHER] ([Name], [Address], [Phone]) VALUES (N'Lee-Richards', N'4054 Amanda Lakes, North Joshuaberg, DC 87606', N'001-408-347-7081x334');
INSERT INTO [PUBLISHER] ([Name], [Address], [Phone]) VALUES (N'Aguilar PLC', N'Unit 1410 Box 2156, DPO AA 85641', N'1757681825');
INSERT INTO [PUBLISHER] ([Name], [Address], [Phone]) VALUES (N'Cruz-Hughes', N'30366 Janet Knoll Apt. 111, Lake Gregoryhaven, RI 81367', N'502-972-2537');
INSERT INTO [PUBLISHER] ([Name], [Address], [Phone]) VALUES (N'Boyd, Hill and Schaefer', N'7909 Meyer Cliffs, West Angel, VT 14165', N'476.944.7964x39503');
INSERT INTO [PUBLISHER] ([Name], [Address], [Phone]) VALUES (N'Smith-Kim', N'9479 Rachel Fort Apt. 675, East Christineberg, MN 06725', N'337-695-8871');
INSERT INTO [PUBLISHER] ([Name], [Address], [Phone]) VALUES (N'Matthews, Parks and Johnson', N'78149 Dennis Gateway Apt. 269, Michaelaburgh, KY 92212', N'044.492.6175');

INSERT INTO [BOOK] ([BookId], [Title], [PublisherName]) VALUES (1, N'Discover walk garden report contain since clearly.', N'Matthews, Parks and Johnson');
INSERT INTO [BOOK] ([BookId], [Title], [PublisherName]) VALUES (2, N'Stay leave nature become.', N'Cruz-Hughes');
INSERT INTO [BOOK] ([BookId], [Title], [PublisherName]) VALUES (3, N'Low clear range tree matter machine PM.', N'Rodriguez, Salinas and Watson');
INSERT INTO [BOOK] ([BookId], [Title], [PublisherName]) VALUES (4, N'Behind piece turn employee bag.', N'Smith-Kim');
INSERT INTO [BOOK] ([BookId], [Title], [PublisherName]) VALUES (5, N'Life notice drug however.', N'Aguilar PLC');
INSERT INTO [BOOK] ([BookId], [Title], [PublisherName]) VALUES (6, N'Cold son floor produce look argue want.', N'Rodriguez, Salinas and Watson');
INSERT INTO [BOOK] ([BookId], [Title], [PublisherName]) VALUES (7, N'Whether range rate marriage executive cost support.', N'Matthews, Parks and Johnson');
INSERT INTO [BOOK] ([BookId], [Title], [PublisherName]) VALUES (8, N'Almost although help either natural state.', N'Lee-Richards');
INSERT INTO [BOOK] ([BookId], [Title], [PublisherName]) VALUES (9, N'Able we them.', N'Rodriguez, Salinas and Watson');
INSERT INTO [BOOK] ([BookId], [Title], [PublisherName]) VALUES (10, N'News young trade I thing.', N'Mccormick Inc');
INSERT INTO [BOOK] ([BookId], [Title], [PublisherName]) VALUES (11, N'Surface wish travel difficult interesting.', N'Lee-Richards');
INSERT INTO [BOOK] ([BookId], [Title], [PublisherName]) VALUES (12, N'Part also old simply.', N'Boyd, Hill and Schaefer');
INSERT INTO [BOOK] ([BookId], [Title], [PublisherName]) VALUES (13, N'Order certainly human national create.', N'Lee-Richards');
INSERT INTO [BOOK] ([BookId], [Title], [PublisherName]) VALUES (14, N'Herself seem box perhaps respond.', N'Aguilar PLC');
INSERT INTO [BOOK] ([BookId], [Title], [PublisherName]) VALUES (15, N'Majority always meet do police.', N'Matthews, Parks and Johnson');
INSERT INTO [BOOK] ([BookId], [Title], [PublisherName]) VALUES (16, N'Value positive lay ever.', N'Rodriguez, Salinas and Watson');
INSERT INTO [BOOK] ([BookId], [Title], [PublisherName]) VALUES (17, N'Drop offer boy material term.', N'Cruz-Hughes');
INSERT INTO [BOOK] ([BookId], [Title], [PublisherName]) VALUES (18, N'Single Mrs final scientist almost.', N'Simpson, Smith and Mccullough');
INSERT INTO [BOOK] ([BookId], [Title], [PublisherName]) VALUES (19, N'Smile people strong sister.', N'Smith-Kim');
INSERT INTO [BOOK] ([BookId], [Title], [PublisherName]) VALUES (20, N'Term table stop team.', N'Smith-Kim');
INSERT INTO [BOOK] ([BookId], [Title], [PublisherName]) VALUES (21, N'Of run able.', N'Aguilar PLC');
INSERT INTO [BOOK] ([BookId], [Title], [PublisherName]) VALUES (22, N'Table tell event reflect quickly build.', N'Simpson, Smith and Mccullough');
INSERT INTO [BOOK] ([BookId], [Title], [PublisherName]) VALUES (23, N'Source image night building north issue.', N'Rodriguez, Salinas and Watson');
INSERT INTO [BOOK] ([BookId], [Title], [PublisherName]) VALUES (24, N'Special hospital including serious page appear.', N'Cruz-Hughes');
INSERT INTO [BOOK] ([BookId], [Title], [PublisherName]) VALUES (25, N'Pay finish quite may read soldier simply.', N'Mccormick Inc');
INSERT INTO [BOOK] ([BookId], [Title], [PublisherName]) VALUES (26, N'Down machine the administration trouble forward real.', N'Matthews, Parks and Johnson');
INSERT INTO [BOOK] ([BookId], [Title], [PublisherName]) VALUES (27, N'Thank morning affect throughout.', N'Aguilar PLC');
INSERT INTO [BOOK] ([BookId], [Title], [PublisherName]) VALUES (28, N'Modern sign natural really.', N'Lee-Richards');
INSERT INTO [BOOK] ([BookId], [Title], [PublisherName]) VALUES (29, N'Reach seat Mr herself prove business well since.', N'Aguilar PLC');
INSERT INTO [BOOK] ([BookId], [Title], [PublisherName]) VALUES (30, N'President bill professor them suggest.', N'Smith-Kim');

INSERT INTO [BOOK_AUTHORS] ([BookId], [AuthorName]) VALUES (1, N'Dean Jenkins');
INSERT INTO [BOOK_AUTHORS] ([BookId], [AuthorName]) VALUES (1, N'Angela Owens');
INSERT INTO [BOOK_AUTHORS] ([BookId], [AuthorName]) VALUES (1, N'James Phillips');
INSERT INTO [BOOK_AUTHORS] ([BookId], [AuthorName]) VALUES (2, N'Eugene King');
INSERT INTO [BOOK_AUTHORS] ([BookId], [AuthorName]) VALUES (3, N'Joseph Daniels');
INSERT INTO [BOOK_AUTHORS] ([BookId], [AuthorName]) VALUES (3, N'Angela Ellis');
INSERT INTO [BOOK_AUTHORS] ([BookId], [AuthorName]) VALUES (3, N'Jennifer Sullivan');
INSERT INTO [BOOK_AUTHORS] ([BookId], [AuthorName]) VALUES (4, N'Marissa Perez');
INSERT INTO [BOOK_AUTHORS] ([BookId], [AuthorName]) VALUES (5, N'Christina Dickerson');
INSERT INTO [BOOK_AUTHORS] ([BookId], [AuthorName]) VALUES (5, N'Angela Padilla');
INSERT INTO [BOOK_AUTHORS] ([BookId], [AuthorName]) VALUES (6, N'Thomas Bass');
INSERT INTO [BOOK_AUTHORS] ([BookId], [AuthorName]) VALUES (7, N'Anthony Morris');
INSERT INTO [BOOK_AUTHORS] ([BookId], [AuthorName]) VALUES (8, N'Timothy Greene');
INSERT INTO [BOOK_AUTHORS] ([BookId], [AuthorName]) VALUES (9, N'Robert Reyes');
INSERT INTO [BOOK_AUTHORS] ([BookId], [AuthorName]) VALUES (9, N'Beverly Cruz');
INSERT INTO [BOOK_AUTHORS] ([BookId], [AuthorName]) VALUES (9, N'Mark Welch');
INSERT INTO [BOOK_AUTHORS] ([BookId], [AuthorName]) VALUES (10, N'Anthony Hunt');
INSERT INTO [BOOK_AUTHORS] ([BookId], [AuthorName]) VALUES (10, N'Rebecca Gordon');
INSERT INTO [BOOK_AUTHORS] ([BookId], [AuthorName]) VALUES (10, N'Laura Wallace');
INSERT INTO [BOOK_AUTHORS] ([BookId], [AuthorName]) VALUES (11, N'David Booker');
INSERT INTO [BOOK_AUTHORS] ([BookId], [AuthorName]) VALUES (11, N'Courtney Wilson');
INSERT INTO [BOOK_AUTHORS] ([BookId], [AuthorName]) VALUES (11, N'Dr. Joseph Combs');
INSERT INTO [BOOK_AUTHORS] ([BookId], [AuthorName]) VALUES (12, N'Brittany Austin DDS');
INSERT INTO [BOOK_AUTHORS] ([BookId], [AuthorName]) VALUES (13, N'Joe Myers');
INSERT INTO [BOOK_AUTHORS] ([BookId], [AuthorName]) VALUES (14, N'Richard Hunt');
INSERT INTO [BOOK_AUTHORS] ([BookId], [AuthorName]) VALUES (14, N'Priscilla Brown');
INSERT INTO [BOOK_AUTHORS] ([BookId], [AuthorName]) VALUES (15, N'Autumn Welch');
INSERT INTO [BOOK_AUTHORS] ([BookId], [AuthorName]) VALUES (15, N'Tyler Barton');
INSERT INTO [BOOK_AUTHORS] ([BookId], [AuthorName]) VALUES (15, N'Julie Robertson');
INSERT INTO [BOOK_AUTHORS] ([BookId], [AuthorName]) VALUES (16, N'Amber Garza');
INSERT INTO [BOOK_AUTHORS] ([BookId], [AuthorName]) VALUES (16, N'Paul Hudson');
INSERT INTO [BOOK_AUTHORS] ([BookId], [AuthorName]) VALUES (17, N'Miranda Reid');
INSERT INTO [BOOK_AUTHORS] ([BookId], [AuthorName]) VALUES (17, N'Tommy Salas');
INSERT INTO [BOOK_AUTHORS] ([BookId], [AuthorName]) VALUES (17, N'Riley Murphy');
INSERT INTO [BOOK_AUTHORS] ([BookId], [AuthorName]) VALUES (18, N'Amanda Lane');
INSERT INTO [BOOK_AUTHORS] ([BookId], [AuthorName]) VALUES (19, N'Kayla Lewis');
INSERT INTO [BOOK_AUTHORS] ([BookId], [AuthorName]) VALUES (19, N'Virginia Butler');
INSERT INTO [BOOK_AUTHORS] ([BookId], [AuthorName]) VALUES (19, N'Daniel Ball');
INSERT INTO [BOOK_AUTHORS] ([BookId], [AuthorName]) VALUES (20, N'Angel Parsons');
INSERT INTO [BOOK_AUTHORS] ([BookId], [AuthorName]) VALUES (21, N'Michaela Garcia');
INSERT INTO [BOOK_AUTHORS] ([BookId], [AuthorName]) VALUES (21, N'Alicia Baldwin');
INSERT INTO [BOOK_AUTHORS] ([BookId], [AuthorName]) VALUES (21, N'Jessica Anderson');
INSERT INTO [BOOK_AUTHORS] ([BookId], [AuthorName]) VALUES (22, N'Rodney Black');
INSERT INTO [BOOK_AUTHORS] ([BookId], [AuthorName]) VALUES (23, N'Olivia Jackson');
INSERT INTO [BOOK_AUTHORS] ([BookId], [AuthorName]) VALUES (23, N'Tara Harper');
INSERT INTO [BOOK_AUTHORS] ([BookId], [AuthorName]) VALUES (24, N'Jonathan Martinez');
INSERT INTO [BOOK_AUTHORS] ([BookId], [AuthorName]) VALUES (24, N'Danielle Wilson');
INSERT INTO [BOOK_AUTHORS] ([BookId], [AuthorName]) VALUES (24, N'Tracy Turner');
INSERT INTO [BOOK_AUTHORS] ([BookId], [AuthorName]) VALUES (25, N'Walter Rodgers');
INSERT INTO [BOOK_AUTHORS] ([BookId], [AuthorName]) VALUES (25, N'Edgar Smith');
INSERT INTO [BOOK_AUTHORS] ([BookId], [AuthorName]) VALUES (26, N'Jessica Kim');
INSERT INTO [BOOK_AUTHORS] ([BookId], [AuthorName]) VALUES (26, N'Nicholas Weaver');
INSERT INTO [BOOK_AUTHORS] ([BookId], [AuthorName]) VALUES (26, N'Cheyenne Johnson');
INSERT INTO [BOOK_AUTHORS] ([BookId], [AuthorName]) VALUES (27, N'William Contreras');
INSERT INTO [BOOK_AUTHORS] ([BookId], [AuthorName]) VALUES (27, N'Alicia Robinson');
INSERT INTO [BOOK_AUTHORS] ([BookId], [AuthorName]) VALUES (28, N'Brittney Lopez');
INSERT INTO [BOOK_AUTHORS] ([BookId], [AuthorName]) VALUES (28, N'Alex Smith');
INSERT INTO [BOOK_AUTHORS] ([BookId], [AuthorName]) VALUES (28, N'Terry Young');
INSERT INTO [BOOK_AUTHORS] ([BookId], [AuthorName]) VALUES (29, N'Cindy Kirby');
INSERT INTO [BOOK_AUTHORS] ([BookId], [AuthorName]) VALUES (29, N'Brian Wright');
INSERT INTO [BOOK_AUTHORS] ([BookId], [AuthorName]) VALUES (29, N'Alexander Smith');
INSERT INTO [BOOK_AUTHORS] ([BookId], [AuthorName]) VALUES (30, N'Jordan Christensen');
INSERT INTO [BOOK_AUTHORS] ([BookId], [AuthorName]) VALUES (30, N'Jennifer Scott');
INSERT INTO [BOOK_AUTHORS] ([BookId], [AuthorName]) VALUES (30, N'Bryan Phillips');

INSERT INTO [LIBRARY_BRANCH] ([BranchId], [BranchName], [Address]) VALUES (1, N'Robinsonchester', N'12255 Smith Street, Kellyhaven, ND 45404');
INSERT INTO [LIBRARY_BRANCH] ([BranchId], [BranchName], [Address]) VALUES (2, N'Port Ashleychester', N'339 Taylor Radial Suite 678, Jefferychester, NM 10072');
INSERT INTO [LIBRARY_BRANCH] ([BranchId], [BranchName], [Address]) VALUES (3, N'South Brandymouth', N'0691 Jason Village, Adkinsmouth, NM 09809');
INSERT INTO [LIBRARY_BRANCH] ([BranchId], [BranchName], [Address]) VALUES (4, N'Torresfurt', N'99696 Glenn Heights, Martinmouth, AK 38426');
INSERT INTO [LIBRARY_BRANCH] ([BranchId], [BranchName], [Address]) VALUES (5, N'Lake Jeremytown', N'8856 Katherine Centers, West Aaronburgh, AL 65101');
INSERT INTO [LIBRARY_BRANCH] ([BranchId], [BranchName], [Address]) VALUES (6, N'Myersport', N'011 Carpenter Trail Suite 151, South Alanville, CA 47366');
INSERT INTO [LIBRARY_BRANCH] ([BranchId], [BranchName], [Address]) VALUES (7, N'Lake Emily', N'033 Gregory Islands, Barbaratown, SD 91707');
INSERT INTO [LIBRARY_BRANCH] ([BranchId], [BranchName], [Address]) VALUES (8, N'New Adam', N'28519 Foster Drives Apt. 334, Port David, LA 43806');
INSERT INTO [LIBRARY_BRANCH] ([BranchId], [BranchName], [Address]) VALUES (9, N'South Lisa', N'20903 Ross Mountains Apt. 892, Jasonton, VA 85502');
INSERT INTO [LIBRARY_BRANCH] ([BranchId], [BranchName], [Address]) VALUES (10, N'Reynoldsview', N'036 Michael Trace, Charlesborough, TN 43890');

INSERT INTO [BORROWER] ([CardNo], [Name], [Address], [Phone]) VALUES (1, N'Brian Ford', N'45827 Dixon Place, West Christopher, KS 86298', N'+1-823-366-3149');
INSERT INTO [BORROWER] ([CardNo], [Name], [Address], [Phone]) VALUES (2, N'Tina Mitchell', N'299 Hall Lock Apt. 941, New Anna, UT 50799', N'(343)810-4834x954');
INSERT INTO [BORROWER] ([CardNo], [Name], [Address], [Phone]) VALUES (3, N'Donna Barber', N'151 Justin Gardens Suite 503, South Arianafort, NH 76039', N'+1-718-144-3255x7164');
INSERT INTO [BORROWER] ([CardNo], [Name], [Address], [Phone]) VALUES (4, N'Emily Townsend', N'0800 Michele Garden Apt. 947, New Linda, PA 01975', N'179-473-0355x242');
INSERT INTO [BORROWER] ([CardNo], [Name], [Address], [Phone]) VALUES (5, N'Christopher Montoya', N'45730 Christopher Wall Suite 968, Lake Laurie, AR 74866', N'+1-687-836-1489x287');
INSERT INTO [BORROWER] ([CardNo], [Name], [Address], [Phone]) VALUES (6, N'Christine Joseph', N'713 Charles Crossing, Danielside, IN 86450', N'(886)473-5806x24942');
INSERT INTO [BORROWER] ([CardNo], [Name], [Address], [Phone]) VALUES (7, N'Brian Perkins', N'PSC 7369, Box 1099, APO AE 57425', N'521.375.9966');
INSERT INTO [BORROWER] ([CardNo], [Name], [Address], [Phone]) VALUES (8, N'Laura Johnson', N'047 Sarah Points Suite 391, West Joelhaven, MA 23028', N'418-126-2296');
INSERT INTO [BORROWER] ([CardNo], [Name], [Address], [Phone]) VALUES (9, N'Teresa Johnson MD', N'637 Jackson Island, East Ricky, KY 70404', N'412-213-7469');
INSERT INTO [BORROWER] ([CardNo], [Name], [Address], [Phone]) VALUES (10, N'Terry Wolf', N'PSC 9280, Box 1554, APO AP 72285', N'001-923-949-4811x620');
INSERT INTO [BORROWER] ([CardNo], [Name], [Address], [Phone]) VALUES (11, N'Carl Villanueva', N'044 Larson Port, Barkermouth, TN 80195', N'001-956-788-2249x95348');
INSERT INTO [BORROWER] ([CardNo], [Name], [Address], [Phone]) VALUES (12, N'Christopher Bird', N'1747 Jeremy Hills Suite 748, Erikland, NE 79439', N'+1-003-627-4722x09053');
INSERT INTO [BORROWER] ([CardNo], [Name], [Address], [Phone]) VALUES (13, N'Chad Adams', N'200 Monroe Place, Lake Jennifer, OH 47959', N'476.728.5749x79753');
INSERT INTO [BORROWER] ([CardNo], [Name], [Address], [Phone]) VALUES (14, N'Donald Hamilton', N'70485 Jack Falls, New Robert, NE 81770', N'+1-212-804-6043x3587');
INSERT INTO [BORROWER] ([CardNo], [Name], [Address], [Phone]) VALUES (15, N'Todd Young', N'6031 Kelley Cliffs, East Kimfort, OK 39441', N'(710)111-4115');
INSERT INTO [BORROWER] ([CardNo], [Name], [Address], [Phone]) VALUES (16, N'Dana Perez', N'28228 Scott Green Apt. 934, Mcdonaldport, NH 88457', N'088.525.4485x0650');
INSERT INTO [BORROWER] ([CardNo], [Name], [Address], [Phone]) VALUES (17, N'Tammy Jones', N'85667 Johnson Valleys Apt. 856, South David, OH 86117', N'001-309-977-6555x935');
INSERT INTO [BORROWER] ([CardNo], [Name], [Address], [Phone]) VALUES (18, N'James Stewart', N'4292 Andrews Wall Apt. 877, West Tamaraside, NJ 33036', N'077-374-3960');
INSERT INTO [BORROWER] ([CardNo], [Name], [Address], [Phone]) VALUES (19, N'Amanda Jones', N'028 Rachel Rue, South Matthewstad, MI 35774', N'001-071-728-3823');
INSERT INTO [BORROWER] ([CardNo], [Name], [Address], [Phone]) VALUES (20, N'Jack Gutierrez', N'9206 Austin Ports, Hicksbury, FL 68279', N'588-638-5470');
INSERT INTO [BORROWER] ([CardNo], [Name], [Address], [Phone]) VALUES (21, N'Juan Taylor', N'528 Thomas Burg Suite 916, Moniqueborough, AK 49620', N'001-312-169-1090x67620');
INSERT INTO [BORROWER] ([CardNo], [Name], [Address], [Phone]) VALUES (22, N'Tonya Ortiz', N'843 Pena Shoal, New Dustinton, WV 94747', N'909.436.6347x6994');
INSERT INTO [BORROWER] ([CardNo], [Name], [Address], [Phone]) VALUES (23, N'Susan Jensen', N'94861 Aaron Walk Apt. 374, Newmanport, MD 42707', N'(697)909-2269');
INSERT INTO [BORROWER] ([CardNo], [Name], [Address], [Phone]) VALUES (24, N'Shawn Horton', N'382 Joshua Tunnel Suite 154, North Rebecca, CO 59654', N'(177)211-1804x394');
INSERT INTO [BORROWER] ([CardNo], [Name], [Address], [Phone]) VALUES (25, N'Emily Allison', N'69638 Humphrey Drives, Lake James, MN 20232', N'001-577-473-1163x9288');

INSERT INTO [BOOK_COPIES] ([BookId], [BranchId], [No_Of_Copies]) VALUES (1, 1, 26);
INSERT INTO [BOOK_COPIES] ([BookId], [BranchId], [No_Of_Copies]) VALUES (2, 1, 19);
INSERT INTO [BOOK_COPIES] ([BookId], [BranchId], [No_Of_Copies]) VALUES (3, 1, 19);
INSERT INTO [BOOK_COPIES] ([BookId], [BranchId], [No_Of_Copies]) VALUES (4, 1, 11);
INSERT INTO [BOOK_COPIES] ([BookId], [BranchId], [No_Of_Copies]) VALUES (5, 1, 5);
INSERT INTO [BOOK_COPIES] ([BookId], [BranchId], [No_Of_Copies]) VALUES (6, 1, 8);
INSERT INTO [BOOK_COPIES] ([BookId], [BranchId], [No_Of_Copies]) VALUES (7, 1, 5);
INSERT INTO [BOOK_COPIES] ([BookId], [BranchId], [No_Of_Copies]) VALUES (8, 1, 4);
INSERT INTO [BOOK_COPIES] ([BookId], [BranchId], [No_Of_Copies]) VALUES (9, 1, 10);
INSERT INTO [BOOK_COPIES] ([BookId], [BranchId], [No_Of_Copies]) VALUES (10, 1, 9);
INSERT INTO [BOOK_COPIES] ([BookId], [BranchId], [No_Of_Copies]) VALUES (11, 1, 7);
INSERT INTO [BOOK_COPIES] ([BookId], [BranchId], [No_Of_Copies]) VALUES (12, 1, 7);
INSERT INTO [BOOK_COPIES] ([BookId], [BranchId], [No_Of_Copies]) VALUES (13, 1, 8);
INSERT INTO [BOOK_COPIES] ([BookId], [BranchId], [No_Of_Copies]) VALUES (14, 1, 5);
INSERT INTO [BOOK_COPIES] ([BookId], [BranchId], [No_Of_Copies]) VALUES (15, 1, 5);
INSERT INTO [BOOK_COPIES] ([BookId], [BranchId], [No_Of_Copies]) VALUES (16, 1, 9);
INSERT INTO [BOOK_COPIES] ([BookId], [BranchId], [No_Of_Copies]) VALUES (17, 1, 8);
INSERT INTO [BOOK_COPIES] ([BookId], [BranchId], [No_Of_Copies]) VALUES (18, 1, 8);
INSERT INTO [BOOK_COPIES] ([BookId], [BranchId], [No_Of_Copies]) VALUES (19, 1, 7);
INSERT INTO [BOOK_COPIES] ([BookId], [BranchId], [No_Of_Copies]) VALUES (20, 1, 4);
INSERT INTO [BOOK_COPIES] ([BookId], [BranchId], [No_Of_Copies]) VALUES (21, 1, 10);
INSERT INTO [BOOK_COPIES] ([BookId], [BranchId], [No_Of_Copies]) VALUES (22, 1, 5);
INSERT INTO [BOOK_COPIES] ([BookId], [BranchId], [No_Of_Copies]) VALUES (23, 1, 4);
INSERT INTO [BOOK_COPIES] ([BookId], [BranchId], [No_Of_Copies]) VALUES (24, 1, 10);
INSERT INTO [BOOK_COPIES] ([BookId], [BranchId], [No_Of_Copies]) VALUES (25, 1, 6);
INSERT INTO [BOOK_COPIES] ([BookId], [BranchId], [No_Of_Copies]) VALUES (26, 1, 3);
INSERT INTO [BOOK_COPIES] ([BookId], [BranchId], [No_Of_Copies]) VALUES (27, 1, 7);
INSERT INTO [BOOK_COPIES] ([BookId], [BranchId], [No_Of_Copies]) VALUES (28, 1, 3);
INSERT INTO [BOOK_COPIES] ([BookId], [BranchId], [No_Of_Copies]) VALUES (29, 1, 3);
INSERT INTO [BOOK_COPIES] ([BookId], [BranchId], [No_Of_Copies]) VALUES (30, 1, 10);
INSERT INTO [BOOK_COPIES] ([BookId], [BranchId], [No_Of_Copies]) VALUES (1, 2, 21);
INSERT INTO [BOOK_COPIES] ([BookId], [BranchId], [No_Of_Copies]) VALUES (2, 2, 17);
INSERT INTO [BOOK_COPIES] ([BookId], [BranchId], [No_Of_Copies]) VALUES (3, 2, 16);
INSERT INTO [BOOK_COPIES] ([BookId], [BranchId], [No_Of_Copies]) VALUES (4, 2, 9);
INSERT INTO [BOOK_COPIES] ([BookId], [BranchId], [No_Of_Copies]) VALUES (5, 2, 9);
INSERT INTO [BOOK_COPIES] ([BookId], [BranchId], [No_Of_Copies]) VALUES (6, 2, 8);
INSERT INTO [BOOK_COPIES] ([BookId], [BranchId], [No_Of_Copies]) VALUES (7, 2, 9);
INSERT INTO [BOOK_COPIES] ([BookId], [BranchId], [No_Of_Copies]) VALUES (8, 2, 8);
INSERT INTO [BOOK_COPIES] ([BookId], [BranchId], [No_Of_Copies]) VALUES (9, 2, 4);
INSERT INTO [BOOK_COPIES] ([BookId], [BranchId], [No_Of_Copies]) VALUES (10, 2, 6);
INSERT INTO [BOOK_COPIES] ([BookId], [BranchId], [No_Of_Copies]) VALUES (11, 2, 8);
INSERT INTO [BOOK_COPIES] ([BookId], [BranchId], [No_Of_Copies]) VALUES (12, 2, 9);
INSERT INTO [BOOK_COPIES] ([BookId], [BranchId], [No_Of_Copies]) VALUES (13, 2, 5);
INSERT INTO [BOOK_COPIES] ([BookId], [BranchId], [No_Of_Copies]) VALUES (14, 2, 10);
INSERT INTO [BOOK_COPIES] ([BookId], [BranchId], [No_Of_Copies]) VALUES (15, 2, 3);
INSERT INTO [BOOK_COPIES] ([BookId], [BranchId], [No_Of_Copies]) VALUES (16, 2, 6);
INSERT INTO [BOOK_COPIES] ([BookId], [BranchId], [No_Of_Copies]) VALUES (17, 2, 10);
INSERT INTO [BOOK_COPIES] ([BookId], [BranchId], [No_Of_Copies]) VALUES (18, 2, 3);
INSERT INTO [BOOK_COPIES] ([BookId], [BranchId], [No_Of_Copies]) VALUES (19, 2, 7);
INSERT INTO [BOOK_COPIES] ([BookId], [BranchId], [No_Of_Copies]) VALUES (20, 2, 9);
INSERT INTO [BOOK_COPIES] ([BookId], [BranchId], [No_Of_Copies]) VALUES (21, 2, 4);
INSERT INTO [BOOK_COPIES] ([BookId], [BranchId], [No_Of_Copies]) VALUES (22, 2, 6);
INSERT INTO [BOOK_COPIES] ([BookId], [BranchId], [No_Of_Copies]) VALUES (23, 2, 10);
INSERT INTO [BOOK_COPIES] ([BookId], [BranchId], [No_Of_Copies]) VALUES (24, 2, 10);
INSERT INTO [BOOK_COPIES] ([BookId], [BranchId], [No_Of_Copies]) VALUES (25, 2, 6);
INSERT INTO [BOOK_COPIES] ([BookId], [BranchId], [No_Of_Copies]) VALUES (26, 2, 9);
INSERT INTO [BOOK_COPIES] ([BookId], [BranchId], [No_Of_Copies]) VALUES (27, 2, 9);
INSERT INTO [BOOK_COPIES] ([BookId], [BranchId], [No_Of_Copies]) VALUES (28, 2, 5);
INSERT INTO [BOOK_COPIES] ([BookId], [BranchId], [No_Of_Copies]) VALUES (29, 2, 9);
INSERT INTO [BOOK_COPIES] ([BookId], [BranchId], [No_Of_Copies]) VALUES (30, 2, 5);
INSERT INTO [BOOK_COPIES] ([BookId], [BranchId], [No_Of_Copies]) VALUES (1, 3, 13);
INSERT INTO [BOOK_COPIES] ([BookId], [BranchId], [No_Of_Copies]) VALUES (2, 3, 11);
INSERT INTO [BOOK_COPIES] ([BookId], [BranchId], [No_Of_Copies]) VALUES (3, 3, 9);
INSERT INTO [BOOK_COPIES] ([BookId], [BranchId], [No_Of_Copies]) VALUES (4, 3, 9);
INSERT INTO [BOOK_COPIES] ([BookId], [BranchId], [No_Of_Copies]) VALUES (5, 3, 3);
INSERT INTO [BOOK_COPIES] ([BookId], [BranchId], [No_Of_Copies]) VALUES (6, 3, 5);
INSERT INTO [BOOK_COPIES] ([BookId], [BranchId], [No_Of_Copies]) VALUES (7, 3, 10);
INSERT INTO [BOOK_COPIES] ([BookId], [BranchId], [No_Of_Copies]) VALUES (8, 3, 8);
INSERT INTO [BOOK_COPIES] ([BookId], [BranchId], [No_Of_Copies]) VALUES (9, 3, 8);
INSERT INTO [BOOK_COPIES] ([BookId], [BranchId], [No_Of_Copies]) VALUES (10, 3, 4);
INSERT INTO [BOOK_COPIES] ([BookId], [BranchId], [No_Of_Copies]) VALUES (11, 3, 10);
INSERT INTO [BOOK_COPIES] ([BookId], [BranchId], [No_Of_Copies]) VALUES (12, 3, 5);
INSERT INTO [BOOK_COPIES] ([BookId], [BranchId], [No_Of_Copies]) VALUES (13, 3, 5);
INSERT INTO [BOOK_COPIES] ([BookId], [BranchId], [No_Of_Copies]) VALUES (14, 3, 8);
INSERT INTO [BOOK_COPIES] ([BookId], [BranchId], [No_Of_Copies]) VALUES (15, 3, 7);
INSERT INTO [BOOK_COPIES] ([BookId], [BranchId], [No_Of_Copies]) VALUES (16, 3, 10);
INSERT INTO [BOOK_COPIES] ([BookId], [BranchId], [No_Of_Copies]) VALUES (17, 3, 7);
INSERT INTO [BOOK_COPIES] ([BookId], [BranchId], [No_Of_Copies]) VALUES (18, 3, 7);
INSERT INTO [BOOK_COPIES] ([BookId], [BranchId], [No_Of_Copies]) VALUES (19, 3, 6);
INSERT INTO [BOOK_COPIES] ([BookId], [BranchId], [No_Of_Copies]) VALUES (20, 3, 8);
INSERT INTO [BOOK_COPIES] ([BookId], [BranchId], [No_Of_Copies]) VALUES (21, 3, 9);
INSERT INTO [BOOK_COPIES] ([BookId], [BranchId], [No_Of_Copies]) VALUES (22, 3, 10);
INSERT INTO [BOOK_COPIES] ([BookId], [BranchId], [No_Of_Copies]) VALUES (23, 3, 9);
INSERT INTO [BOOK_COPIES] ([BookId], [BranchId], [No_Of_Copies]) VALUES (24, 3, 5);
INSERT INTO [BOOK_COPIES] ([BookId], [BranchId], [No_Of_Copies]) VALUES (25, 3, 9);
INSERT INTO [BOOK_COPIES] ([BookId], [BranchId], [No_Of_Copies]) VALUES (26, 3, 7);
INSERT INTO [BOOK_COPIES] ([BookId], [BranchId], [No_Of_Copies]) VALUES (27, 3, 6);
INSERT INTO [BOOK_COPIES] ([BookId], [BranchId], [No_Of_Copies]) VALUES (28, 3, 8);
INSERT INTO [BOOK_COPIES] ([BookId], [BranchId], [No_Of_Copies]) VALUES (29, 3, 3);
INSERT INTO [BOOK_COPIES] ([BookId], [BranchId], [No_Of_Copies]) VALUES (30, 3, 8);
INSERT INTO [BOOK_COPIES] ([BookId], [BranchId], [No_Of_Copies]) VALUES (1, 4, 9);
INSERT INTO [BOOK_COPIES] ([BookId], [BranchId], [No_Of_Copies]) VALUES (2, 4, 7);
INSERT INTO [BOOK_COPIES] ([BookId], [BranchId], [No_Of_Copies]) VALUES (3, 4, 8);
INSERT INTO [BOOK_COPIES] ([BookId], [BranchId], [No_Of_Copies]) VALUES (4, 4, 8);
INSERT INTO [BOOK_COPIES] ([BookId], [BranchId], [No_Of_Copies]) VALUES (5, 4, 4);
INSERT INTO [BOOK_COPIES] ([BookId], [BranchId], [No_Of_Copies]) VALUES (6, 4, 8);
INSERT INTO [BOOK_COPIES] ([BookId], [BranchId], [No_Of_Copies]) VALUES (7, 4, 10);
INSERT INTO [BOOK_COPIES] ([BookId], [BranchId], [No_Of_Copies]) VALUES (8, 4, 3);
INSERT INTO [BOOK_COPIES] ([BookId], [BranchId], [No_Of_Copies]) VALUES (9, 4, 5);
INSERT INTO [BOOK_COPIES] ([BookId], [BranchId], [No_Of_Copies]) VALUES (10, 4, 3);
INSERT INTO [BOOK_COPIES] ([BookId], [BranchId], [No_Of_Copies]) VALUES (11, 4, 7);
INSERT INTO [BOOK_COPIES] ([BookId], [BranchId], [No_Of_Copies]) VALUES (12, 4, 6);
INSERT INTO [BOOK_COPIES] ([BookId], [BranchId], [No_Of_Copies]) VALUES (13, 4, 6);
INSERT INTO [BOOK_COPIES] ([BookId], [BranchId], [No_Of_Copies]) VALUES (14, 4, 8);
INSERT INTO [BOOK_COPIES] ([BookId], [BranchId], [No_Of_Copies]) VALUES (15, 4, 10);
INSERT INTO [BOOK_COPIES] ([BookId], [BranchId], [No_Of_Copies]) VALUES (16, 4, 9);
INSERT INTO [BOOK_COPIES] ([BookId], [BranchId], [No_Of_Copies]) VALUES (17, 4, 10);
INSERT INTO [BOOK_COPIES] ([BookId], [BranchId], [No_Of_Copies]) VALUES (18, 4, 3);
INSERT INTO [BOOK_COPIES] ([BookId], [BranchId], [No_Of_Copies]) VALUES (19, 4, 3);
INSERT INTO [BOOK_COPIES] ([BookId], [BranchId], [No_Of_Copies]) VALUES (20, 4, 3);
INSERT INTO [BOOK_COPIES] ([BookId], [BranchId], [No_Of_Copies]) VALUES (21, 4, 7);
INSERT INTO [BOOK_COPIES] ([BookId], [BranchId], [No_Of_Copies]) VALUES (22, 4, 6);
INSERT INTO [BOOK_COPIES] ([BookId], [BranchId], [No_Of_Copies]) VALUES (23, 4, 4);
INSERT INTO [BOOK_COPIES] ([BookId], [BranchId], [No_Of_Copies]) VALUES (24, 4, 9);
INSERT INTO [BOOK_COPIES] ([BookId], [BranchId], [No_Of_Copies]) VALUES (25, 4, 7);
INSERT INTO [BOOK_COPIES] ([BookId], [BranchId], [No_Of_Copies]) VALUES (26, 4, 3);
INSERT INTO [BOOK_COPIES] ([BookId], [BranchId], [No_Of_Copies]) VALUES (27, 4, 10);
INSERT INTO [BOOK_COPIES] ([BookId], [BranchId], [No_Of_Copies]) VALUES (28, 4, 5);
INSERT INTO [BOOK_COPIES] ([BookId], [BranchId], [No_Of_Copies]) VALUES (29, 4, 6);
INSERT INTO [BOOK_COPIES] ([BookId], [BranchId], [No_Of_Copies]) VALUES (30, 4, 10);
INSERT INTO [BOOK_COPIES] ([BookId], [BranchId], [No_Of_Copies]) VALUES (1, 5, 3);
INSERT INTO [BOOK_COPIES] ([BookId], [BranchId], [No_Of_Copies]) VALUES (2, 5, 3);
INSERT INTO [BOOK_COPIES] ([BookId], [BranchId], [No_Of_Copies]) VALUES (3, 5, 5);
INSERT INTO [BOOK_COPIES] ([BookId], [BranchId], [No_Of_Copies]) VALUES (4, 5, 3);
INSERT INTO [BOOK_COPIES] ([BookId], [BranchId], [No_Of_Copies]) VALUES (5, 5, 3);
INSERT INTO [BOOK_COPIES] ([BookId], [BranchId], [No_Of_Copies]) VALUES (6, 5, 5);
INSERT INTO [BOOK_COPIES] ([BookId], [BranchId], [No_Of_Copies]) VALUES (7, 5, 5);
INSERT INTO [BOOK_COPIES] ([BookId], [BranchId], [No_Of_Copies]) VALUES (8, 5, 4);
INSERT INTO [BOOK_COPIES] ([BookId], [BranchId], [No_Of_Copies]) VALUES (9, 5, 6);
INSERT INTO [BOOK_COPIES] ([BookId], [BranchId], [No_Of_Copies]) VALUES (10, 5, 8);
INSERT INTO [BOOK_COPIES] ([BookId], [BranchId], [No_Of_Copies]) VALUES (11, 5, 6);
INSERT INTO [BOOK_COPIES] ([BookId], [BranchId], [No_Of_Copies]) VALUES (12, 5, 7);
INSERT INTO [BOOK_COPIES] ([BookId], [BranchId], [No_Of_Copies]) VALUES (13, 5, 10);
INSERT INTO [BOOK_COPIES] ([BookId], [BranchId], [No_Of_Copies]) VALUES (14, 5, 4);
INSERT INTO [BOOK_COPIES] ([BookId], [BranchId], [No_Of_Copies]) VALUES (15, 5, 5);
INSERT INTO [BOOK_COPIES] ([BookId], [BranchId], [No_Of_Copies]) VALUES (16, 5, 7);
INSERT INTO [BOOK_COPIES] ([BookId], [BranchId], [No_Of_Copies]) VALUES (17, 5, 7);
INSERT INTO [BOOK_COPIES] ([BookId], [BranchId], [No_Of_Copies]) VALUES (18, 5, 8);
INSERT INTO [BOOK_COPIES] ([BookId], [BranchId], [No_Of_Copies]) VALUES (19, 5, 8);
INSERT INTO [BOOK_COPIES] ([BookId], [BranchId], [No_Of_Copies]) VALUES (20, 5, 9);
INSERT INTO [BOOK_COPIES] ([BookId], [BranchId], [No_Of_Copies]) VALUES (21, 5, 6);
INSERT INTO [BOOK_COPIES] ([BookId], [BranchId], [No_Of_Copies]) VALUES (22, 5, 3);
INSERT INTO [BOOK_COPIES] ([BookId], [BranchId], [No_Of_Copies]) VALUES (23, 5, 5);
INSERT INTO [BOOK_COPIES] ([BookId], [BranchId], [No_Of_Copies]) VALUES (24, 5, 7);
INSERT INTO [BOOK_COPIES] ([BookId], [BranchId], [No_Of_Copies]) VALUES (25, 5, 3);
INSERT INTO [BOOK_COPIES] ([BookId], [BranchId], [No_Of_Copies]) VALUES (26, 5, 3);
INSERT INTO [BOOK_COPIES] ([BookId], [BranchId], [No_Of_Copies]) VALUES (27, 5, 8);
INSERT INTO [BOOK_COPIES] ([BookId], [BranchId], [No_Of_Copies]) VALUES (28, 5, 6);
INSERT INTO [BOOK_COPIES] ([BookId], [BranchId], [No_Of_Copies]) VALUES (29, 5, 7);
INSERT INTO [BOOK_COPIES] ([BookId], [BranchId], [No_Of_Copies]) VALUES (30, 5, 3);
INSERT INTO [BOOK_COPIES] ([BookId], [BranchId], [No_Of_Copies]) VALUES (1, 6, 4);
INSERT INTO [BOOK_COPIES] ([BookId], [BranchId], [No_Of_Copies]) VALUES (2, 6, 10);
INSERT INTO [BOOK_COPIES] ([BookId], [BranchId], [No_Of_Copies]) VALUES (3, 6, 10);
INSERT INTO [BOOK_COPIES] ([BookId], [BranchId], [No_Of_Copies]) VALUES (4, 6, 10);
INSERT INTO [BOOK_COPIES] ([BookId], [BranchId], [No_Of_Copies]) VALUES (5, 6, 10);
INSERT INTO [BOOK_COPIES] ([BookId], [BranchId], [No_Of_Copies]) VALUES (6, 6, 7);
INSERT INTO [BOOK_COPIES] ([BookId], [BranchId], [No_Of_Copies]) VALUES (7, 6, 8);
INSERT INTO [BOOK_COPIES] ([BookId], [BranchId], [No_Of_Copies]) VALUES (8, 6, 7);
INSERT INTO [BOOK_COPIES] ([BookId], [BranchId], [No_Of_Copies]) VALUES (9, 6, 6);
INSERT INTO [BOOK_COPIES] ([BookId], [BranchId], [No_Of_Copies]) VALUES (10, 6, 6);
INSERT INTO [BOOK_COPIES] ([BookId], [BranchId], [No_Of_Copies]) VALUES (11, 6, 10);
INSERT INTO [BOOK_COPIES] ([BookId], [BranchId], [No_Of_Copies]) VALUES (12, 6, 9);
INSERT INTO [BOOK_COPIES] ([BookId], [BranchId], [No_Of_Copies]) VALUES (13, 6, 6);
INSERT INTO [BOOK_COPIES] ([BookId], [BranchId], [No_Of_Copies]) VALUES (14, 6, 10);
INSERT INTO [BOOK_COPIES] ([BookId], [BranchId], [No_Of_Copies]) VALUES (15, 6, 3);
INSERT INTO [BOOK_COPIES] ([BookId], [BranchId], [No_Of_Copies]) VALUES (16, 6, 7);
INSERT INTO [BOOK_COPIES] ([BookId], [BranchId], [No_Of_Copies]) VALUES (17, 6, 3);
INSERT INTO [BOOK_COPIES] ([BookId], [BranchId], [No_Of_Copies]) VALUES (18, 6, 5);
INSERT INTO [BOOK_COPIES] ([BookId], [BranchId], [No_Of_Copies]) VALUES (19, 6, 10);
INSERT INTO [BOOK_COPIES] ([BookId], [BranchId], [No_Of_Copies]) VALUES (20, 6, 4);
INSERT INTO [BOOK_COPIES] ([BookId], [BranchId], [No_Of_Copies]) VALUES (21, 6, 3);
INSERT INTO [BOOK_COPIES] ([BookId], [BranchId], [No_Of_Copies]) VALUES (22, 6, 6);
INSERT INTO [BOOK_COPIES] ([BookId], [BranchId], [No_Of_Copies]) VALUES (23, 6, 10);
INSERT INTO [BOOK_COPIES] ([BookId], [BranchId], [No_Of_Copies]) VALUES (24, 6, 10);
INSERT INTO [BOOK_COPIES] ([BookId], [BranchId], [No_Of_Copies]) VALUES (25, 6, 8);
INSERT INTO [BOOK_COPIES] ([BookId], [BranchId], [No_Of_Copies]) VALUES (26, 6, 10);
INSERT INTO [BOOK_COPIES] ([BookId], [BranchId], [No_Of_Copies]) VALUES (27, 6, 8);
INSERT INTO [BOOK_COPIES] ([BookId], [BranchId], [No_Of_Copies]) VALUES (28, 6, 4);
INSERT INTO [BOOK_COPIES] ([BookId], [BranchId], [No_Of_Copies]) VALUES (29, 6, 10);
INSERT INTO [BOOK_COPIES] ([BookId], [BranchId], [No_Of_Copies]) VALUES (30, 6, 3);
INSERT INTO [BOOK_COPIES] ([BookId], [BranchId], [No_Of_Copies]) VALUES (1, 7, 9);
INSERT INTO [BOOK_COPIES] ([BookId], [BranchId], [No_Of_Copies]) VALUES (2, 7, 4);
INSERT INTO [BOOK_COPIES] ([BookId], [BranchId], [No_Of_Copies]) VALUES (3, 7, 3);
INSERT INTO [BOOK_COPIES] ([BookId], [BranchId], [No_Of_Copies]) VALUES (4, 7, 10);
INSERT INTO [BOOK_COPIES] ([BookId], [BranchId], [No_Of_Copies]) VALUES (5, 7, 4);
INSERT INTO [BOOK_COPIES] ([BookId], [BranchId], [No_Of_Copies]) VALUES (6, 7, 9);
INSERT INTO [BOOK_COPIES] ([BookId], [BranchId], [No_Of_Copies]) VALUES (7, 7, 7);
INSERT INTO [BOOK_COPIES] ([BookId], [BranchId], [No_Of_Copies]) VALUES (8, 7, 7);
INSERT INTO [BOOK_COPIES] ([BookId], [BranchId], [No_Of_Copies]) VALUES (9, 7, 6);
INSERT INTO [BOOK_COPIES] ([BookId], [BranchId], [No_Of_Copies]) VALUES (10, 7, 5);
INSERT INTO [BOOK_COPIES] ([BookId], [BranchId], [No_Of_Copies]) VALUES (11, 7, 4);
INSERT INTO [BOOK_COPIES] ([BookId], [BranchId], [No_Of_Copies]) VALUES (12, 7, 4);
INSERT INTO [BOOK_COPIES] ([BookId], [BranchId], [No_Of_Copies]) VALUES (13, 7, 8);
INSERT INTO [BOOK_COPIES] ([BookId], [BranchId], [No_Of_Copies]) VALUES (14, 7, 5);
INSERT INTO [BOOK_COPIES] ([BookId], [BranchId], [No_Of_Copies]) VALUES (15, 7, 8);
INSERT INTO [BOOK_COPIES] ([BookId], [BranchId], [No_Of_Copies]) VALUES (16, 7, 4);
INSERT INTO [BOOK_COPIES] ([BookId], [BranchId], [No_Of_Copies]) VALUES (17, 7, 5);
INSERT INTO [BOOK_COPIES] ([BookId], [BranchId], [No_Of_Copies]) VALUES (18, 7, 4);
INSERT INTO [BOOK_COPIES] ([BookId], [BranchId], [No_Of_Copies]) VALUES (19, 7, 10);
INSERT INTO [BOOK_COPIES] ([BookId], [BranchId], [No_Of_Copies]) VALUES (20, 7, 8);
INSERT INTO [BOOK_COPIES] ([BookId], [BranchId], [No_Of_Copies]) VALUES (21, 7, 5);
INSERT INTO [BOOK_COPIES] ([BookId], [BranchId], [No_Of_Copies]) VALUES (22, 7, 8);
INSERT INTO [BOOK_COPIES] ([BookId], [BranchId], [No_Of_Copies]) VALUES (23, 7, 8);
INSERT INTO [BOOK_COPIES] ([BookId], [BranchId], [No_Of_Copies]) VALUES (24, 7, 10);
INSERT INTO [BOOK_COPIES] ([BookId], [BranchId], [No_Of_Copies]) VALUES (25, 7, 7);
INSERT INTO [BOOK_COPIES] ([BookId], [BranchId], [No_Of_Copies]) VALUES (26, 7, 3);
INSERT INTO [BOOK_COPIES] ([BookId], [BranchId], [No_Of_Copies]) VALUES (27, 7, 6);
INSERT INTO [BOOK_COPIES] ([BookId], [BranchId], [No_Of_Copies]) VALUES (28, 7, 6);
INSERT INTO [BOOK_COPIES] ([BookId], [BranchId], [No_Of_Copies]) VALUES (29, 7, 5);
INSERT INTO [BOOK_COPIES] ([BookId], [BranchId], [No_Of_Copies]) VALUES (30, 7, 4);
INSERT INTO [BOOK_COPIES] ([BookId], [BranchId], [No_Of_Copies]) VALUES (1, 8, 10);
INSERT INTO [BOOK_COPIES] ([BookId], [BranchId], [No_Of_Copies]) VALUES (2, 8, 10);
INSERT INTO [BOOK_COPIES] ([BookId], [BranchId], [No_Of_Copies]) VALUES (3, 8, 6);
INSERT INTO [BOOK_COPIES] ([BookId], [BranchId], [No_Of_Copies]) VALUES (4, 8, 9);
INSERT INTO [BOOK_COPIES] ([BookId], [BranchId], [No_Of_Copies]) VALUES (5, 8, 3);
INSERT INTO [BOOK_COPIES] ([BookId], [BranchId], [No_Of_Copies]) VALUES (6, 8, 9);
INSERT INTO [BOOK_COPIES] ([BookId], [BranchId], [No_Of_Copies]) VALUES (7, 8, 4);
INSERT INTO [BOOK_COPIES] ([BookId], [BranchId], [No_Of_Copies]) VALUES (8, 8, 3);
INSERT INTO [BOOK_COPIES] ([BookId], [BranchId], [No_Of_Copies]) VALUES (9, 8, 8);
INSERT INTO [BOOK_COPIES] ([BookId], [BranchId], [No_Of_Copies]) VALUES (10, 8, 7);
INSERT INTO [BOOK_COPIES] ([BookId], [BranchId], [No_Of_Copies]) VALUES (11, 8, 7);
INSERT INTO [BOOK_COPIES] ([BookId], [BranchId], [No_Of_Copies]) VALUES (12, 8, 3);
INSERT INTO [BOOK_COPIES] ([BookId], [BranchId], [No_Of_Copies]) VALUES (13, 8, 6);
INSERT INTO [BOOK_COPIES] ([BookId], [BranchId], [No_Of_Copies]) VALUES (14, 8, 8);
INSERT INTO [BOOK_COPIES] ([BookId], [BranchId], [No_Of_Copies]) VALUES (15, 8, 10);
INSERT INTO [BOOK_COPIES] ([BookId], [BranchId], [No_Of_Copies]) VALUES (16, 8, 8);
INSERT INTO [BOOK_COPIES] ([BookId], [BranchId], [No_Of_Copies]) VALUES (17, 8, 4);
INSERT INTO [BOOK_COPIES] ([BookId], [BranchId], [No_Of_Copies]) VALUES (18, 8, 4);
INSERT INTO [BOOK_COPIES] ([BookId], [BranchId], [No_Of_Copies]) VALUES (19, 8, 9);
INSERT INTO [BOOK_COPIES] ([BookId], [BranchId], [No_Of_Copies]) VALUES (20, 8, 3);
INSERT INTO [BOOK_COPIES] ([BookId], [BranchId], [No_Of_Copies]) VALUES (21, 8, 8);
INSERT INTO [BOOK_COPIES] ([BookId], [BranchId], [No_Of_Copies]) VALUES (22, 8, 4);
INSERT INTO [BOOK_COPIES] ([BookId], [BranchId], [No_Of_Copies]) VALUES (23, 8, 9);
INSERT INTO [BOOK_COPIES] ([BookId], [BranchId], [No_Of_Copies]) VALUES (24, 8, 9);
INSERT INTO [BOOK_COPIES] ([BookId], [BranchId], [No_Of_Copies]) VALUES (25, 8, 5);
INSERT INTO [BOOK_COPIES] ([BookId], [BranchId], [No_Of_Copies]) VALUES (26, 8, 8);
INSERT INTO [BOOK_COPIES] ([BookId], [BranchId], [No_Of_Copies]) VALUES (27, 8, 3);
INSERT INTO [BOOK_COPIES] ([BookId], [BranchId], [No_Of_Copies]) VALUES (28, 8, 8);
INSERT INTO [BOOK_COPIES] ([BookId], [BranchId], [No_Of_Copies]) VALUES (29, 8, 3);
INSERT INTO [BOOK_COPIES] ([BookId], [BranchId], [No_Of_Copies]) VALUES (30, 8, 7);
INSERT INTO [BOOK_COPIES] ([BookId], [BranchId], [No_Of_Copies]) VALUES (1, 9, 10);
INSERT INTO [BOOK_COPIES] ([BookId], [BranchId], [No_Of_Copies]) VALUES (2, 9, 5);
INSERT INTO [BOOK_COPIES] ([BookId], [BranchId], [No_Of_Copies]) VALUES (3, 9, 7);
INSERT INTO [BOOK_COPIES] ([BookId], [BranchId], [No_Of_Copies]) VALUES (4, 9, 6);
INSERT INTO [BOOK_COPIES] ([BookId], [BranchId], [No_Of_Copies]) VALUES (5, 9, 8);
INSERT INTO [BOOK_COPIES] ([BookId], [BranchId], [No_Of_Copies]) VALUES (6, 9, 9);
INSERT INTO [BOOK_COPIES] ([BookId], [BranchId], [No_Of_Copies]) VALUES (7, 9, 7);
INSERT INTO [BOOK_COPIES] ([BookId], [BranchId], [No_Of_Copies]) VALUES (8, 9, 4);
INSERT INTO [BOOK_COPIES] ([BookId], [BranchId], [No_Of_Copies]) VALUES (9, 9, 5);
INSERT INTO [BOOK_COPIES] ([BookId], [BranchId], [No_Of_Copies]) VALUES (10, 9, 7);
INSERT INTO [BOOK_COPIES] ([BookId], [BranchId], [No_Of_Copies]) VALUES (11, 9, 10);
INSERT INTO [BOOK_COPIES] ([BookId], [BranchId], [No_Of_Copies]) VALUES (12, 9, 3);
INSERT INTO [BOOK_COPIES] ([BookId], [BranchId], [No_Of_Copies]) VALUES (13, 9, 6);
INSERT INTO [BOOK_COPIES] ([BookId], [BranchId], [No_Of_Copies]) VALUES (14, 9, 10);
INSERT INTO [BOOK_COPIES] ([BookId], [BranchId], [No_Of_Copies]) VALUES (15, 9, 9);
INSERT INTO [BOOK_COPIES] ([BookId], [BranchId], [No_Of_Copies]) VALUES (16, 9, 10);
INSERT INTO [BOOK_COPIES] ([BookId], [BranchId], [No_Of_Copies]) VALUES (17, 9, 6);
INSERT INTO [BOOK_COPIES] ([BookId], [BranchId], [No_Of_Copies]) VALUES (18, 9, 7);
INSERT INTO [BOOK_COPIES] ([BookId], [BranchId], [No_Of_Copies]) VALUES (19, 9, 5);
INSERT INTO [BOOK_COPIES] ([BookId], [BranchId], [No_Of_Copies]) VALUES (20, 9, 6);
INSERT INTO [BOOK_COPIES] ([BookId], [BranchId], [No_Of_Copies]) VALUES (21, 9, 9);
INSERT INTO [BOOK_COPIES] ([BookId], [BranchId], [No_Of_Copies]) VALUES (22, 9, 7);
INSERT INTO [BOOK_COPIES] ([BookId], [BranchId], [No_Of_Copies]) VALUES (23, 9, 8);
INSERT INTO [BOOK_COPIES] ([BookId], [BranchId], [No_Of_Copies]) VALUES (24, 9, 3);
INSERT INTO [BOOK_COPIES] ([BookId], [BranchId], [No_Of_Copies]) VALUES (25, 9, 5);
INSERT INTO [BOOK_COPIES] ([BookId], [BranchId], [No_Of_Copies]) VALUES (26, 9, 7);
INSERT INTO [BOOK_COPIES] ([BookId], [BranchId], [No_Of_Copies]) VALUES (27, 9, 10);
INSERT INTO [BOOK_COPIES] ([BookId], [BranchId], [No_Of_Copies]) VALUES (28, 9, 5);
INSERT INTO [BOOK_COPIES] ([BookId], [BranchId], [No_Of_Copies]) VALUES (29, 9, 4);
INSERT INTO [BOOK_COPIES] ([BookId], [BranchId], [No_Of_Copies]) VALUES (30, 9, 6);
INSERT INTO [BOOK_COPIES] ([BookId], [BranchId], [No_Of_Copies]) VALUES (1, 10, 4);
INSERT INTO [BOOK_COPIES] ([BookId], [BranchId], [No_Of_Copies]) VALUES (2, 10, 3);
INSERT INTO [BOOK_COPIES] ([BookId], [BranchId], [No_Of_Copies]) VALUES (3, 10, 3);
INSERT INTO [BOOK_COPIES] ([BookId], [BranchId], [No_Of_Copies]) VALUES (4, 10, 7);
INSERT INTO [BOOK_COPIES] ([BookId], [BranchId], [No_Of_Copies]) VALUES (5, 10, 10);
INSERT INTO [BOOK_COPIES] ([BookId], [BranchId], [No_Of_Copies]) VALUES (6, 10, 5);
INSERT INTO [BOOK_COPIES] ([BookId], [BranchId], [No_Of_Copies]) VALUES (7, 10, 9);
INSERT INTO [BOOK_COPIES] ([BookId], [BranchId], [No_Of_Copies]) VALUES (8, 10, 10);
INSERT INTO [BOOK_COPIES] ([BookId], [BranchId], [No_Of_Copies]) VALUES (9, 10, 7);
INSERT INTO [BOOK_COPIES] ([BookId], [BranchId], [No_Of_Copies]) VALUES (10, 10, 5);
INSERT INTO [BOOK_COPIES] ([BookId], [BranchId], [No_Of_Copies]) VALUES (11, 10, 3);
INSERT INTO [BOOK_COPIES] ([BookId], [BranchId], [No_Of_Copies]) VALUES (12, 10, 10);
INSERT INTO [BOOK_COPIES] ([BookId], [BranchId], [No_Of_Copies]) VALUES (13, 10, 8);
INSERT INTO [BOOK_COPIES] ([BookId], [BranchId], [No_Of_Copies]) VALUES (14, 10, 9);
INSERT INTO [BOOK_COPIES] ([BookId], [BranchId], [No_Of_Copies]) VALUES (15, 10, 3);
INSERT INTO [BOOK_COPIES] ([BookId], [BranchId], [No_Of_Copies]) VALUES (16, 10, 7);
INSERT INTO [BOOK_COPIES] ([BookId], [BranchId], [No_Of_Copies]) VALUES (17, 10, 4);
INSERT INTO [BOOK_COPIES] ([BookId], [BranchId], [No_Of_Copies]) VALUES (18, 10, 10);
INSERT INTO [BOOK_COPIES] ([BookId], [BranchId], [No_Of_Copies]) VALUES (19, 10, 8);
INSERT INTO [BOOK_COPIES] ([BookId], [BranchId], [No_Of_Copies]) VALUES (20, 10, 3);
INSERT INTO [BOOK_COPIES] ([BookId], [BranchId], [No_Of_Copies]) VALUES (21, 10, 7);
INSERT INTO [BOOK_COPIES] ([BookId], [BranchId], [No_Of_Copies]) VALUES (22, 10, 5);
INSERT INTO [BOOK_COPIES] ([BookId], [BranchId], [No_Of_Copies]) VALUES (23, 10, 10);
INSERT INTO [BOOK_COPIES] ([BookId], [BranchId], [No_Of_Copies]) VALUES (24, 10, 10);
INSERT INTO [BOOK_COPIES] ([BookId], [BranchId], [No_Of_Copies]) VALUES (25, 10, 10);
INSERT INTO [BOOK_COPIES] ([BookId], [BranchId], [No_Of_Copies]) VALUES (26, 10, 6);
INSERT INTO [BOOK_COPIES] ([BookId], [BranchId], [No_Of_Copies]) VALUES (27, 10, 10);
INSERT INTO [BOOK_COPIES] ([BookId], [BranchId], [No_Of_Copies]) VALUES (28, 10, 7);
INSERT INTO [BOOK_COPIES] ([BookId], [BranchId], [No_Of_Copies]) VALUES (29, 10, 8);
INSERT INTO [BOOK_COPIES] ([BookId], [BranchId], [No_Of_Copies]) VALUES (30, 10, 6);

INSERT INTO [BOOK_LOANS] ([BookId], [BranchId], [CardNo], [DateOut], [DueDate]) VALUES (1, 1, 1, N'2022-10-22', N'2022-12-05');
INSERT INTO [BOOK_LOANS] ([BookId], [BranchId], [CardNo], [DateOut], [DueDate]) VALUES (2, 1, 1, N'2022-10-20', N'2022-10-30');
INSERT INTO [BOOK_LOANS] ([BookId], [BranchId], [CardNo], [DateOut], [DueDate]) VALUES (3, 1, 1, N'2022-10-23', N'2022-11-29');
INSERT INTO [BOOK_LOANS] ([BookId], [BranchId], [CardNo], [DateOut], [DueDate]) VALUES (4, 1, 1, N'2022-10-20', N'2022-11-18');
INSERT INTO [BOOK_LOANS] ([BookId], [BranchId], [CardNo], [DateOut], [DueDate]) VALUES (5, 1, 1, N'2022-10-19', N'2022-10-27');
INSERT INTO [BOOK_LOANS] ([BookId], [BranchId], [CardNo], [DateOut], [DueDate]) VALUES (1, 2, 1, N'2022-10-17', N'2022-10-28');
INSERT INTO [BOOK_LOANS] ([BookId], [BranchId], [CardNo], [DateOut], [DueDate]) VALUES (1, 3, 1, N'2022-09-09', N'2022-09-28');
INSERT INTO [BOOK_LOANS] ([BookId], [BranchId], [CardNo], [DateOut], [DueDate]) VALUES (2, 3, 1, N'2022-10-22', N'2022-12-04');
INSERT INTO [BOOK_LOANS] ([BookId], [BranchId], [CardNo], [DateOut], [DueDate]) VALUES (3, 3, 1, N'2022-10-17', N'2022-11-25');
INSERT INTO [BOOK_LOANS] ([BookId], [BranchId], [CardNo], [DateOut], [DueDate]) VALUES (4, 3, 1, N'2022-10-24', N'2022-11-15');
INSERT INTO [BOOK_LOANS] ([BookId], [BranchId], [CardNo], [DateOut], [DueDate]) VALUES (5, 3, 1, N'2022-10-24', N'2022-12-13');
INSERT INTO [BOOK_LOANS] ([BookId], [BranchId], [CardNo], [DateOut], [DueDate]) VALUES (1, 4, 1, N'2022-10-24', N'2022-11-22');
INSERT INTO [BOOK_LOANS] ([BookId], [BranchId], [CardNo], [DateOut], [DueDate]) VALUES (2, 4, 1, N'2022-10-18', N'2022-12-06');
INSERT INTO [BOOK_LOANS] ([BookId], [BranchId], [CardNo], [DateOut], [DueDate]) VALUES (3, 4, 1, N'2022-09-29', N'2022-10-10');
INSERT INTO [BOOK_LOANS] ([BookId], [BranchId], [CardNo], [DateOut], [DueDate]) VALUES (4, 4, 1, N'2022-10-14', N'2022-10-26');
INSERT INTO [BOOK_LOANS] ([BookId], [BranchId], [CardNo], [DateOut], [DueDate]) VALUES (5, 4, 1, N'2022-10-24', N'2022-12-01');
INSERT INTO [BOOK_LOANS] ([BookId], [BranchId], [CardNo], [DateOut], [DueDate]) VALUES (1, 1, 2, N'2022-09-07', N'2022-09-22');
INSERT INTO [BOOK_LOANS] ([BookId], [BranchId], [CardNo], [DateOut], [DueDate]) VALUES (2, 1, 2, N'2022-10-18', N'2022-11-01');
INSERT INTO [BOOK_LOANS] ([BookId], [BranchId], [CardNo], [DateOut], [DueDate]) VALUES (3, 1, 2, N'2022-10-15', N'2022-10-29');
INSERT INTO [BOOK_LOANS] ([BookId], [BranchId], [CardNo], [DateOut], [DueDate]) VALUES (4, 1, 2, N'2022-10-15', N'2022-12-08');
INSERT INTO [BOOK_LOANS] ([BookId], [BranchId], [CardNo], [DateOut], [DueDate]) VALUES (5, 1, 2, N'2022-10-14', N'2022-10-26');
INSERT INTO [BOOK_LOANS] ([BookId], [BranchId], [CardNo], [DateOut], [DueDate]) VALUES (1, 2, 2, N'2022-10-14', N'2022-11-06');
INSERT INTO [BOOK_LOANS] ([BookId], [BranchId], [CardNo], [DateOut], [DueDate]) VALUES (1, 3, 2, N'2022-10-16', N'2022-11-10');
INSERT INTO [BOOK_LOANS] ([BookId], [BranchId], [CardNo], [DateOut], [DueDate]) VALUES (1, 4, 2, N'2022-09-15', N'2022-09-30');
INSERT INTO [BOOK_LOANS] ([BookId], [BranchId], [CardNo], [DateOut], [DueDate]) VALUES (1, 5, 2, N'2022-10-23', N'2022-12-07');
INSERT INTO [BOOK_LOANS] ([BookId], [BranchId], [CardNo], [DateOut], [DueDate]) VALUES (2, 5, 2, N'2022-10-18', N'2022-11-05');
INSERT INTO [BOOK_LOANS] ([BookId], [BranchId], [CardNo], [DateOut], [DueDate]) VALUES (3, 5, 2, N'2022-10-23', N'2022-11-02');
INSERT INTO [BOOK_LOANS] ([BookId], [BranchId], [CardNo], [DateOut], [DueDate]) VALUES (1, 1, 3, N'2022-10-19', N'2022-11-10');
INSERT INTO [BOOK_LOANS] ([BookId], [BranchId], [CardNo], [DateOut], [DueDate]) VALUES (2, 1, 3, N'2022-10-23', N'2022-11-08');
INSERT INTO [BOOK_LOANS] ([BookId], [BranchId], [CardNo], [DateOut], [DueDate]) VALUES (3, 1, 3, N'2022-10-19', N'2022-11-30');
INSERT INTO [BOOK_LOANS] ([BookId], [BranchId], [CardNo], [DateOut], [DueDate]) VALUES (4, 1, 3, N'2022-10-18', N'2022-11-02');
INSERT INTO [BOOK_LOANS] ([BookId], [BranchId], [CardNo], [DateOut], [DueDate]) VALUES (1, 2, 3, N'2022-10-22', N'2022-11-06');
INSERT INTO [BOOK_LOANS] ([BookId], [BranchId], [CardNo], [DateOut], [DueDate]) VALUES (2, 2, 3, N'2022-10-19', N'2022-11-20');
INSERT INTO [BOOK_LOANS] ([BookId], [BranchId], [CardNo], [DateOut], [DueDate]) VALUES (1, 1, 5, N'2022-09-20', N'2022-10-06');
INSERT INTO [BOOK_LOANS] ([BookId], [BranchId], [CardNo], [DateOut], [DueDate]) VALUES (1, 2, 5, N'2022-10-14', N'2022-12-08');
INSERT INTO [BOOK_LOANS] ([BookId], [BranchId], [CardNo], [DateOut], [DueDate]) VALUES (2, 2, 5, N'2022-10-14', N'2022-11-21');
INSERT INTO [BOOK_LOANS] ([BookId], [BranchId], [CardNo], [DateOut], [DueDate]) VALUES (3, 2, 5, N'2022-10-23', N'2022-12-02');
INSERT INTO [BOOK_LOANS] ([BookId], [BranchId], [CardNo], [DateOut], [DueDate]) VALUES (4, 2, 5, N'2022-09-13', N'2022-09-28');
INSERT INTO [BOOK_LOANS] ([BookId], [BranchId], [CardNo], [DateOut], [DueDate]) VALUES (5, 2, 5, N'2022-09-03', N'2022-09-23');
INSERT INTO [BOOK_LOANS] ([BookId], [BranchId], [CardNo], [DateOut], [DueDate]) VALUES (1, 3, 5, N'2022-10-21', N'2022-12-07');
INSERT INTO [BOOK_LOANS] ([BookId], [BranchId], [CardNo], [DateOut], [DueDate]) VALUES (2, 3, 5, N'2022-10-21', N'2022-12-13');
INSERT INTO [BOOK_LOANS] ([BookId], [BranchId], [CardNo], [DateOut], [DueDate]) VALUES (3, 3, 5, N'2022-10-02', N'2022-10-12');
INSERT INTO [BOOK_LOANS] ([BookId], [BranchId], [CardNo], [DateOut], [DueDate]) VALUES (4, 3, 5, N'2022-10-15', N'2022-10-28');
INSERT INTO [BOOK_LOANS] ([BookId], [BranchId], [CardNo], [DateOut], [DueDate]) VALUES (1, 1, 6, N'2022-10-04', N'2022-10-14');
INSERT INTO [BOOK_LOANS] ([BookId], [BranchId], [CardNo], [DateOut], [DueDate]) VALUES (2, 1, 6, N'2022-10-21', N'2022-12-01');
INSERT INTO [BOOK_LOANS] ([BookId], [BranchId], [CardNo], [DateOut], [DueDate]) VALUES (3, 1, 6, N'2022-10-18', N'2022-10-26');
INSERT INTO [BOOK_LOANS] ([BookId], [BranchId], [CardNo], [DateOut], [DueDate]) VALUES (1, 2, 6, N'2022-09-20', N'2022-10-07');
INSERT INTO [BOOK_LOANS] ([BookId], [BranchId], [CardNo], [DateOut], [DueDate]) VALUES (2, 2, 6, N'2022-10-20', N'2022-10-29');
INSERT INTO [BOOK_LOANS] ([BookId], [BranchId], [CardNo], [DateOut], [DueDate]) VALUES (3, 2, 6, N'2022-10-16', N'2022-12-05');
INSERT INTO [BOOK_LOANS] ([BookId], [BranchId], [CardNo], [DateOut], [DueDate]) VALUES (4, 2, 6, N'2022-10-18', N'2022-12-10');
INSERT INTO [BOOK_LOANS] ([BookId], [BranchId], [CardNo], [DateOut], [DueDate]) VALUES (5, 2, 6, N'2022-10-17', N'2022-11-09');
INSERT INTO [BOOK_LOANS] ([BookId], [BranchId], [CardNo], [DateOut], [DueDate]) VALUES (1, 3, 6, N'2022-10-17', N'2022-12-06');
INSERT INTO [BOOK_LOANS] ([BookId], [BranchId], [CardNo], [DateOut], [DueDate]) VALUES (2, 3, 6, N'2022-10-20', N'2022-12-02');
INSERT INTO [BOOK_LOANS] ([BookId], [BranchId], [CardNo], [DateOut], [DueDate]) VALUES (3, 3, 6, N'2022-10-22', N'2022-10-28');
INSERT INTO [BOOK_LOANS] ([BookId], [BranchId], [CardNo], [DateOut], [DueDate]) VALUES (4, 3, 6, N'2022-10-16', N'2022-11-12');
INSERT INTO [BOOK_LOANS] ([BookId], [BranchId], [CardNo], [DateOut], [DueDate]) VALUES (1, 4, 6, N'2022-10-17', N'2022-11-03');
INSERT INTO [BOOK_LOANS] ([BookId], [BranchId], [CardNo], [DateOut], [DueDate]) VALUES (2, 4, 6, N'2022-10-24', N'2022-11-16');
INSERT INTO [BOOK_LOANS] ([BookId], [BranchId], [CardNo], [DateOut], [DueDate]) VALUES (3, 4, 6, N'2022-10-16', N'2022-10-26');
INSERT INTO [BOOK_LOANS] ([BookId], [BranchId], [CardNo], [DateOut], [DueDate]) VALUES (4, 4, 6, N'2022-10-16', N'2022-11-24');
INSERT INTO [BOOK_LOANS] ([BookId], [BranchId], [CardNo], [DateOut], [DueDate]) VALUES (5, 4, 6, N'2022-10-23', N'2022-11-19');
INSERT INTO [BOOK_LOANS] ([BookId], [BranchId], [CardNo], [DateOut], [DueDate]) VALUES (1, 1, 8, N'2022-09-04', N'2022-09-15');
INSERT INTO [BOOK_LOANS] ([BookId], [BranchId], [CardNo], [DateOut], [DueDate]) VALUES (1, 2, 8, N'2022-09-26', N'2022-10-10');
INSERT INTO [BOOK_LOANS] ([BookId], [BranchId], [CardNo], [DateOut], [DueDate]) VALUES (2, 2, 8, N'2022-10-24', N'2022-11-12');
INSERT INTO [BOOK_LOANS] ([BookId], [BranchId], [CardNo], [DateOut], [DueDate]) VALUES (3, 2, 8, N'2022-10-21', N'2022-12-05');
INSERT INTO [BOOK_LOANS] ([BookId], [BranchId], [CardNo], [DateOut], [DueDate]) VALUES (1, 3, 8, N'2022-10-22', N'2022-11-12');
INSERT INTO [BOOK_LOANS] ([BookId], [BranchId], [CardNo], [DateOut], [DueDate]) VALUES (2, 3, 8, N'2022-10-15', N'2022-11-09');
INSERT INTO [BOOK_LOANS] ([BookId], [BranchId], [CardNo], [DateOut], [DueDate]) VALUES (3, 3, 8, N'2022-10-21', N'2022-12-09');
INSERT INTO [BOOK_LOANS] ([BookId], [BranchId], [CardNo], [DateOut], [DueDate]) VALUES (4, 3, 8, N'2022-10-17', N'2022-12-09');
INSERT INTO [BOOK_LOANS] ([BookId], [BranchId], [CardNo], [DateOut], [DueDate]) VALUES (5, 3, 8, N'2022-09-27', N'2022-10-13');
INSERT INTO [BOOK_LOANS] ([BookId], [BranchId], [CardNo], [DateOut], [DueDate]) VALUES (1, 4, 8, N'2022-10-14', N'2022-11-22');
INSERT INTO [BOOK_LOANS] ([BookId], [BranchId], [CardNo], [DateOut], [DueDate]) VALUES (2, 4, 8, N'2022-10-22', N'2022-10-30');
INSERT INTO [BOOK_LOANS] ([BookId], [BranchId], [CardNo], [DateOut], [DueDate]) VALUES (3, 4, 8, N'2022-10-24', N'2022-10-25');
INSERT INTO [BOOK_LOANS] ([BookId], [BranchId], [CardNo], [DateOut], [DueDate]) VALUES (1, 5, 8, N'2022-10-15', N'2022-11-16');
INSERT INTO [BOOK_LOANS] ([BookId], [BranchId], [CardNo], [DateOut], [DueDate]) VALUES (2, 5, 8, N'2022-10-23', N'2022-11-06');
INSERT INTO [BOOK_LOANS] ([BookId], [BranchId], [CardNo], [DateOut], [DueDate]) VALUES (3, 5, 8, N'2022-10-20', N'2022-11-29');
INSERT INTO [BOOK_LOANS] ([BookId], [BranchId], [CardNo], [DateOut], [DueDate]) VALUES (4, 5, 8, N'2022-10-21', N'2022-12-07');
INSERT INTO [BOOK_LOANS] ([BookId], [BranchId], [CardNo], [DateOut], [DueDate]) VALUES (5, 5, 8, N'2022-10-21', N'2022-11-11');
INSERT INTO [BOOK_LOANS] ([BookId], [BranchId], [CardNo], [DateOut], [DueDate]) VALUES (1, 1, 9, N'2022-10-18', N'2022-11-11');
INSERT INTO [BOOK_LOANS] ([BookId], [BranchId], [CardNo], [DateOut], [DueDate]) VALUES (2, 1, 9, N'2022-10-17', N'2022-12-05');
INSERT INTO [BOOK_LOANS] ([BookId], [BranchId], [CardNo], [DateOut], [DueDate]) VALUES (3, 1, 9, N'2022-10-15', N'2022-10-26');
INSERT INTO [BOOK_LOANS] ([BookId], [BranchId], [CardNo], [DateOut], [DueDate]) VALUES (1, 2, 9, N'2022-10-20', N'2022-10-30');
INSERT INTO [BOOK_LOANS] ([BookId], [BranchId], [CardNo], [DateOut], [DueDate]) VALUES (1, 1, 10, N'2022-10-23', N'2022-11-03');
INSERT INTO [BOOK_LOANS] ([BookId], [BranchId], [CardNo], [DateOut], [DueDate]) VALUES (2, 1, 10, N'2022-10-20', N'2022-11-03');
INSERT INTO [BOOK_LOANS] ([BookId], [BranchId], [CardNo], [DateOut], [DueDate]) VALUES (3, 1, 10, N'2022-09-07', N'2022-09-22');
INSERT INTO [BOOK_LOANS] ([BookId], [BranchId], [CardNo], [DateOut], [DueDate]) VALUES (4, 1, 10, N'2022-10-15', N'2022-11-26');
INSERT INTO [BOOK_LOANS] ([BookId], [BranchId], [CardNo], [DateOut], [DueDate]) VALUES (5, 1, 10, N'2022-10-22', N'2022-10-30');
INSERT INTO [BOOK_LOANS] ([BookId], [BranchId], [CardNo], [DateOut], [DueDate]) VALUES (1, 2, 10, N'2022-10-16', N'2022-10-25');
INSERT INTO [BOOK_LOANS] ([BookId], [BranchId], [CardNo], [DateOut], [DueDate]) VALUES (2, 2, 10, N'2022-09-14', N'2022-10-04');
INSERT INTO [BOOK_LOANS] ([BookId], [BranchId], [CardNo], [DateOut], [DueDate]) VALUES (3, 2, 10, N'2022-10-22', N'2022-11-08');
INSERT INTO [BOOK_LOANS] ([BookId], [BranchId], [CardNo], [DateOut], [DueDate]) VALUES (1, 1, 11, N'2022-10-15', N'2022-11-24');
INSERT INTO [BOOK_LOANS] ([BookId], [BranchId], [CardNo], [DateOut], [DueDate]) VALUES (2, 1, 11, N'2022-10-14', N'2022-11-12');
INSERT INTO [BOOK_LOANS] ([BookId], [BranchId], [CardNo], [DateOut], [DueDate]) VALUES (3, 1, 11, N'2022-10-20', N'2022-11-28');
INSERT INTO [BOOK_LOANS] ([BookId], [BranchId], [CardNo], [DateOut], [DueDate]) VALUES (4, 1, 11, N'2022-09-19', N'2022-10-09');
INSERT INTO [BOOK_LOANS] ([BookId], [BranchId], [CardNo], [DateOut], [DueDate]) VALUES (1, 2, 11, N'2022-10-19', N'2022-11-07');
INSERT INTO [BOOK_LOANS] ([BookId], [BranchId], [CardNo], [DateOut], [DueDate]) VALUES (1, 1, 12, N'2022-10-17', N'2022-11-15');
INSERT INTO [BOOK_LOANS] ([BookId], [BranchId], [CardNo], [DateOut], [DueDate]) VALUES (2, 1, 12, N'2022-08-26', N'2022-09-05');
INSERT INTO [BOOK_LOANS] ([BookId], [BranchId], [CardNo], [DateOut], [DueDate]) VALUES (3, 1, 12, N'2022-10-22', N'2022-12-13');
INSERT INTO [BOOK_LOANS] ([BookId], [BranchId], [CardNo], [DateOut], [DueDate]) VALUES (4, 1, 12, N'2022-09-01', N'2022-09-15');
INSERT INTO [BOOK_LOANS] ([BookId], [BranchId], [CardNo], [DateOut], [DueDate]) VALUES (5, 1, 12, N'2022-10-21', N'2022-10-26');
INSERT INTO [BOOK_LOANS] ([BookId], [BranchId], [CardNo], [DateOut], [DueDate]) VALUES (1, 2, 12, N'2022-10-23', N'2022-11-02');
INSERT INTO [BOOK_LOANS] ([BookId], [BranchId], [CardNo], [DateOut], [DueDate]) VALUES (2, 2, 12, N'2022-10-16', N'2022-10-30');
INSERT INTO [BOOK_LOANS] ([BookId], [BranchId], [CardNo], [DateOut], [DueDate]) VALUES (3, 2, 12, N'2022-10-14', N'2022-12-10');
INSERT INTO [BOOK_LOANS] ([BookId], [BranchId], [CardNo], [DateOut], [DueDate]) VALUES (1, 3, 12, N'2022-09-10', N'2022-09-27');
INSERT INTO [BOOK_LOANS] ([BookId], [BranchId], [CardNo], [DateOut], [DueDate]) VALUES (2, 3, 12, N'2022-10-02', N'2022-10-13');
INSERT INTO [BOOK_LOANS] ([BookId], [BranchId], [CardNo], [DateOut], [DueDate]) VALUES (1, 1, 13, N'2022-09-03', N'2022-09-18');
INSERT INTO [BOOK_LOANS] ([BookId], [BranchId], [CardNo], [DateOut], [DueDate]) VALUES (1, 2, 13, N'2022-10-19', N'2022-12-04');
INSERT INTO [BOOK_LOANS] ([BookId], [BranchId], [CardNo], [DateOut], [DueDate]) VALUES (2, 2, 13, N'2022-10-20', N'2022-11-10');
INSERT INTO [BOOK_LOANS] ([BookId], [BranchId], [CardNo], [DateOut], [DueDate]) VALUES (1, 3, 13, N'2022-10-18', N'2022-11-04');
INSERT INTO [BOOK_LOANS] ([BookId], [BranchId], [CardNo], [DateOut], [DueDate]) VALUES (2, 3, 13, N'2022-09-06', N'2022-09-26');
INSERT INTO [BOOK_LOANS] ([BookId], [BranchId], [CardNo], [DateOut], [DueDate]) VALUES (3, 3, 13, N'2022-10-22', N'2022-12-06');
INSERT INTO [BOOK_LOANS] ([BookId], [BranchId], [CardNo], [DateOut], [DueDate]) VALUES (4, 3, 13, N'2022-10-20', N'2022-11-16');
INSERT INTO [BOOK_LOANS] ([BookId], [BranchId], [CardNo], [DateOut], [DueDate]) VALUES (1, 1, 14, N'2022-08-27', N'2022-09-06');
INSERT INTO [BOOK_LOANS] ([BookId], [BranchId], [CardNo], [DateOut], [DueDate]) VALUES (2, 1, 14, N'2022-10-24', N'2022-11-12');
INSERT INTO [BOOK_LOANS] ([BookId], [BranchId], [CardNo], [DateOut], [DueDate]) VALUES (3, 1, 14, N'2022-10-20', N'2022-12-11');
INSERT INTO [BOOK_LOANS] ([BookId], [BranchId], [CardNo], [DateOut], [DueDate]) VALUES (1, 2, 14, N'2022-10-18', N'2022-11-30');
INSERT INTO [BOOK_LOANS] ([BookId], [BranchId], [CardNo], [DateOut], [DueDate]) VALUES (2, 2, 14, N'2022-10-06', N'2022-10-17');
INSERT INTO [BOOK_LOANS] ([BookId], [BranchId], [CardNo], [DateOut], [DueDate]) VALUES (3, 2, 14, N'2022-09-21', N'2022-10-09');
INSERT INTO [BOOK_LOANS] ([BookId], [BranchId], [CardNo], [DateOut], [DueDate]) VALUES (4, 2, 14, N'2022-09-08', N'2022-09-21');
INSERT INTO [BOOK_LOANS] ([BookId], [BranchId], [CardNo], [DateOut], [DueDate]) VALUES (5, 2, 14, N'2022-10-16', N'2022-12-01');
INSERT INTO [BOOK_LOANS] ([BookId], [BranchId], [CardNo], [DateOut], [DueDate]) VALUES (1, 3, 14, N'2022-10-21', N'2022-11-02');
INSERT INTO [BOOK_LOANS] ([BookId], [BranchId], [CardNo], [DateOut], [DueDate]) VALUES (2, 3, 14, N'2022-10-15', N'2022-12-06');
INSERT INTO [BOOK_LOANS] ([BookId], [BranchId], [CardNo], [DateOut], [DueDate]) VALUES (3, 3, 14, N'2022-10-23', N'2022-12-06');
INSERT INTO [BOOK_LOANS] ([BookId], [BranchId], [CardNo], [DateOut], [DueDate]) VALUES (1, 4, 14, N'2022-10-20', N'2022-12-11');
INSERT INTO [BOOK_LOANS] ([BookId], [BranchId], [CardNo], [DateOut], [DueDate]) VALUES (1, 1, 15, N'2022-10-15', N'2022-12-08');
INSERT INTO [BOOK_LOANS] ([BookId], [BranchId], [CardNo], [DateOut], [DueDate]) VALUES (1, 2, 15, N'2022-10-20', N'2022-10-27');
INSERT INTO [BOOK_LOANS] ([BookId], [BranchId], [CardNo], [DateOut], [DueDate]) VALUES (2, 2, 15, N'2022-09-12', N'2022-09-28');
INSERT INTO [BOOK_LOANS] ([BookId], [BranchId], [CardNo], [DateOut], [DueDate]) VALUES (3, 2, 15, N'2022-09-05', N'2022-09-19');
INSERT INTO [BOOK_LOANS] ([BookId], [BranchId], [CardNo], [DateOut], [DueDate]) VALUES (4, 2, 15, N'2022-10-14', N'2022-12-01');
INSERT INTO [BOOK_LOANS] ([BookId], [BranchId], [CardNo], [DateOut], [DueDate]) VALUES (1, 3, 15, N'2022-10-19', N'2022-11-28');
INSERT INTO [BOOK_LOANS] ([BookId], [BranchId], [CardNo], [DateOut], [DueDate]) VALUES (2, 3, 15, N'2022-10-19', N'2022-10-28');
INSERT INTO [BOOK_LOANS] ([BookId], [BranchId], [CardNo], [DateOut], [DueDate]) VALUES (3, 3, 15, N'2022-10-15', N'2022-11-15');
INSERT INTO [BOOK_LOANS] ([BookId], [BranchId], [CardNo], [DateOut], [DueDate]) VALUES (4, 3, 15, N'2022-09-24', N'2022-10-12');
INSERT INTO [BOOK_LOANS] ([BookId], [BranchId], [CardNo], [DateOut], [DueDate]) VALUES (1, 1, 16, N'2022-10-14', N'2022-11-10');
INSERT INTO [BOOK_LOANS] ([BookId], [BranchId], [CardNo], [DateOut], [DueDate]) VALUES (2, 1, 16, N'2022-10-19', N'2022-11-07');
INSERT INTO [BOOK_LOANS] ([BookId], [BranchId], [CardNo], [DateOut], [DueDate]) VALUES (3, 1, 16, N'2022-10-18', N'2022-11-26');
INSERT INTO [BOOK_LOANS] ([BookId], [BranchId], [CardNo], [DateOut], [DueDate]) VALUES (4, 1, 16, N'2022-10-21', N'2022-11-19');
INSERT INTO [BOOK_LOANS] ([BookId], [BranchId], [CardNo], [DateOut], [DueDate]) VALUES (1, 2, 16, N'2022-09-02', N'2022-09-22');
INSERT INTO [BOOK_LOANS] ([BookId], [BranchId], [CardNo], [DateOut], [DueDate]) VALUES (2, 2, 16, N'2022-10-22', N'2022-11-15');
INSERT INTO [BOOK_LOANS] ([BookId], [BranchId], [CardNo], [DateOut], [DueDate]) VALUES (3, 2, 16, N'2022-10-15', N'2022-12-11');
INSERT INTO [BOOK_LOANS] ([BookId], [BranchId], [CardNo], [DateOut], [DueDate]) VALUES (4, 2, 16, N'2022-10-22', N'2022-10-30');
INSERT INTO [BOOK_LOANS] ([BookId], [BranchId], [CardNo], [DateOut], [DueDate]) VALUES (5, 2, 16, N'2022-10-20', N'2022-12-06');
INSERT INTO [BOOK_LOANS] ([BookId], [BranchId], [CardNo], [DateOut], [DueDate]) VALUES (1, 1, 17, N'2022-10-14', N'2022-12-02');
INSERT INTO [BOOK_LOANS] ([BookId], [BranchId], [CardNo], [DateOut], [DueDate]) VALUES (2, 1, 17, N'2022-10-22', N'2022-11-15');
INSERT INTO [BOOK_LOANS] ([BookId], [BranchId], [CardNo], [DateOut], [DueDate]) VALUES (3, 1, 17, N'2022-09-21', N'2022-10-09');
INSERT INTO [BOOK_LOANS] ([BookId], [BranchId], [CardNo], [DateOut], [DueDate]) VALUES (1, 2, 17, N'2022-09-14', N'2022-10-02');
INSERT INTO [BOOK_LOANS] ([BookId], [BranchId], [CardNo], [DateOut], [DueDate]) VALUES (2, 2, 17, N'2022-10-17', N'2022-11-30');
INSERT INTO [BOOK_LOANS] ([BookId], [BranchId], [CardNo], [DateOut], [DueDate]) VALUES (3, 2, 17, N'2022-10-15', N'2022-12-08');
INSERT INTO [BOOK_LOANS] ([BookId], [BranchId], [CardNo], [DateOut], [DueDate]) VALUES (4, 2, 17, N'2022-10-18', N'2022-11-25');
INSERT INTO [BOOK_LOANS] ([BookId], [BranchId], [CardNo], [DateOut], [DueDate]) VALUES (1, 1, 18, N'2022-10-24', N'2022-12-06');
INSERT INTO [BOOK_LOANS] ([BookId], [BranchId], [CardNo], [DateOut], [DueDate]) VALUES (2, 1, 18, N'2022-09-08', N'2022-09-26');
INSERT INTO [BOOK_LOANS] ([BookId], [BranchId], [CardNo], [DateOut], [DueDate]) VALUES (3, 1, 18, N'2022-10-20', N'2022-12-06');
INSERT INTO [BOOK_LOANS] ([BookId], [BranchId], [CardNo], [DateOut], [DueDate]) VALUES (4, 1, 18, N'2022-10-24', N'2022-11-15');
INSERT INTO [BOOK_LOANS] ([BookId], [BranchId], [CardNo], [DateOut], [DueDate]) VALUES (5, 1, 18, N'2022-09-16', N'2022-10-02');
INSERT INTO [BOOK_LOANS] ([BookId], [BranchId], [CardNo], [DateOut], [DueDate]) VALUES (1, 2, 18, N'2022-10-21', N'2022-10-31');
INSERT INTO [BOOK_LOANS] ([BookId], [BranchId], [CardNo], [DateOut], [DueDate]) VALUES (2, 2, 18, N'2022-10-16', N'2022-12-06');
INSERT INTO [BOOK_LOANS] ([BookId], [BranchId], [CardNo], [DateOut], [DueDate]) VALUES (3, 2, 18, N'2022-10-16', N'2022-11-23');
INSERT INTO [BOOK_LOANS] ([BookId], [BranchId], [CardNo], [DateOut], [DueDate]) VALUES (4, 2, 18, N'2022-09-23', N'2022-10-04');
INSERT INTO [BOOK_LOANS] ([BookId], [BranchId], [CardNo], [DateOut], [DueDate]) VALUES (1, 3, 18, N'2022-10-22', N'2022-11-05');
INSERT INTO [BOOK_LOANS] ([BookId], [BranchId], [CardNo], [DateOut], [DueDate]) VALUES (1, 4, 18, N'2022-10-15', N'2022-11-28');
INSERT INTO [BOOK_LOANS] ([BookId], [BranchId], [CardNo], [DateOut], [DueDate]) VALUES (2, 4, 18, N'2022-10-06', N'2022-10-16');
INSERT INTO [BOOK_LOANS] ([BookId], [BranchId], [CardNo], [DateOut], [DueDate]) VALUES (3, 4, 18, N'2022-10-22', N'2022-10-28');
INSERT INTO [BOOK_LOANS] ([BookId], [BranchId], [CardNo], [DateOut], [DueDate]) VALUES (4, 4, 18, N'2022-09-11', N'2022-09-29');
INSERT INTO [BOOK_LOANS] ([BookId], [BranchId], [CardNo], [DateOut], [DueDate]) VALUES (1, 5, 18, N'2022-08-21', N'2022-09-09');
INSERT INTO [BOOK_LOANS] ([BookId], [BranchId], [CardNo], [DateOut], [DueDate]) VALUES (2, 5, 18, N'2022-10-16', N'2022-11-30');
INSERT INTO [BOOK_LOANS] ([BookId], [BranchId], [CardNo], [DateOut], [DueDate]) VALUES (3, 5, 18, N'2022-10-16', N'2022-12-07');
INSERT INTO [BOOK_LOANS] ([BookId], [BranchId], [CardNo], [DateOut], [DueDate]) VALUES (1, 1, 19, N'2022-10-21', N'2022-11-28');
INSERT INTO [BOOK_LOANS] ([BookId], [BranchId], [CardNo], [DateOut], [DueDate]) VALUES (2, 1, 19, N'2022-09-06', N'2022-09-24');
INSERT INTO [BOOK_LOANS] ([BookId], [BranchId], [CardNo], [DateOut], [DueDate]) VALUES (3, 1, 19, N'2022-08-24', N'2022-09-13');
INSERT INTO [BOOK_LOANS] ([BookId], [BranchId], [CardNo], [DateOut], [DueDate]) VALUES (1, 2, 19, N'2022-10-18', N'2022-10-26');
INSERT INTO [BOOK_LOANS] ([BookId], [BranchId], [CardNo], [DateOut], [DueDate]) VALUES (2, 2, 19, N'2022-10-19', N'2022-11-06');
INSERT INTO [BOOK_LOANS] ([BookId], [BranchId], [CardNo], [DateOut], [DueDate]) VALUES (3, 2, 19, N'2022-10-23', N'2022-11-29');
INSERT INTO [BOOK_LOANS] ([BookId], [BranchId], [CardNo], [DateOut], [DueDate]) VALUES (1, 1, 20, N'2022-10-19', N'2022-10-27');
INSERT INTO [BOOK_LOANS] ([BookId], [BranchId], [CardNo], [DateOut], [DueDate]) VALUES (2, 1, 20, N'2022-09-17', N'2022-10-02');
INSERT INTO [BOOK_LOANS] ([BookId], [BranchId], [CardNo], [DateOut], [DueDate]) VALUES (1, 2, 20, N'2022-10-20', N'2022-11-27');
INSERT INTO [BOOK_LOANS] ([BookId], [BranchId], [CardNo], [DateOut], [DueDate]) VALUES (1, 3, 20, N'2022-09-19', N'2022-09-30');
INSERT INTO [BOOK_LOANS] ([BookId], [BranchId], [CardNo], [DateOut], [DueDate]) VALUES (2, 3, 20, N'2022-08-25', N'2022-09-04');
INSERT INTO [BOOK_LOANS] ([BookId], [BranchId], [CardNo], [DateOut], [DueDate]) VALUES (3, 3, 20, N'2022-10-17', N'2022-12-01');
INSERT INTO [BOOK_LOANS] ([BookId], [BranchId], [CardNo], [DateOut], [DueDate]) VALUES (4, 3, 20, N'2022-10-17', N'2022-11-03');
INSERT INTO [BOOK_LOANS] ([BookId], [BranchId], [CardNo], [DateOut], [DueDate]) VALUES (5, 3, 20, N'2022-10-19', N'2022-12-12');
INSERT INTO [BOOK_LOANS] ([BookId], [BranchId], [CardNo], [DateOut], [DueDate]) VALUES (1, 4, 20, N'2022-10-22', N'2022-11-24');
INSERT INTO [BOOK_LOANS] ([BookId], [BranchId], [CardNo], [DateOut], [DueDate]) VALUES (2, 4, 20, N'2022-10-17', N'2022-11-08');
INSERT INTO [BOOK_LOANS] ([BookId], [BranchId], [CardNo], [DateOut], [DueDate]) VALUES (3, 4, 20, N'2022-10-22', N'2022-11-05');
INSERT INTO [BOOK_LOANS] ([BookId], [BranchId], [CardNo], [DateOut], [DueDate]) VALUES (4, 4, 20, N'2022-10-18', N'2022-10-25');
INSERT INTO [BOOK_LOANS] ([BookId], [BranchId], [CardNo], [DateOut], [DueDate]) VALUES (1, 1, 21, N'2022-10-21', N'2022-11-14');
INSERT INTO [BOOK_LOANS] ([BookId], [BranchId], [CardNo], [DateOut], [DueDate]) VALUES (2, 1, 21, N'2022-10-16', N'2022-11-17');
INSERT INTO [BOOK_LOANS] ([BookId], [BranchId], [CardNo], [DateOut], [DueDate]) VALUES (3, 1, 21, N'2022-10-21', N'2022-11-27');
INSERT INTO [BOOK_LOANS] ([BookId], [BranchId], [CardNo], [DateOut], [DueDate]) VALUES (1, 2, 21, N'2022-08-21', N'2022-09-08');
INSERT INTO [BOOK_LOANS] ([BookId], [BranchId], [CardNo], [DateOut], [DueDate]) VALUES (2, 2, 21, N'2022-10-18', N'2022-11-26');
INSERT INTO [BOOK_LOANS] ([BookId], [BranchId], [CardNo], [DateOut], [DueDate]) VALUES (3, 2, 21, N'2022-10-18', N'2022-11-09');
INSERT INTO [BOOK_LOANS] ([BookId], [BranchId], [CardNo], [DateOut], [DueDate]) VALUES (4, 2, 21, N'2022-10-19', N'2022-11-07');
INSERT INTO [BOOK_LOANS] ([BookId], [BranchId], [CardNo], [DateOut], [DueDate]) VALUES (5, 2, 21, N'2022-10-23', N'2022-11-03');
INSERT INTO [BOOK_LOANS] ([BookId], [BranchId], [CardNo], [DateOut], [DueDate]) VALUES (1, 1, 22, N'2022-10-18', N'2022-11-01');
INSERT INTO [BOOK_LOANS] ([BookId], [BranchId], [CardNo], [DateOut], [DueDate]) VALUES (1, 2, 22, N'2022-10-20', N'2022-11-06');
INSERT INTO [BOOK_LOANS] ([BookId], [BranchId], [CardNo], [DateOut], [DueDate]) VALUES (2, 2, 22, N'2022-10-22', N'2022-11-12');
INSERT INTO [BOOK_LOANS] ([BookId], [BranchId], [CardNo], [DateOut], [DueDate]) VALUES (3, 2, 22, N'2022-10-23', N'2022-10-25');
INSERT INTO [BOOK_LOANS] ([BookId], [BranchId], [CardNo], [DateOut], [DueDate]) VALUES (4, 2, 22, N'2022-08-24', N'2022-09-13');
INSERT INTO [BOOK_LOANS] ([BookId], [BranchId], [CardNo], [DateOut], [DueDate]) VALUES (5, 2, 22, N'2022-10-15', N'2022-10-26');
INSERT INTO [BOOK_LOANS] ([BookId], [BranchId], [CardNo], [DateOut], [DueDate]) VALUES (1, 1, 23, N'2022-10-19', N'2022-11-17');
INSERT INTO [BOOK_LOANS] ([BookId], [BranchId], [CardNo], [DateOut], [DueDate]) VALUES (1, 1, 24, N'2022-10-18', N'2022-11-23');
INSERT INTO [BOOK_LOANS] ([BookId], [BranchId], [CardNo], [DateOut], [DueDate]) VALUES (2, 1, 24, N'2022-10-18', N'2022-11-11');
INSERT INTO [BOOK_LOANS] ([BookId], [BranchId], [CardNo], [DateOut], [DueDate]) VALUES (3, 1, 24, N'2022-09-17', N'2022-10-07');
INSERT INTO [BOOK_LOANS] ([BookId], [BranchId], [CardNo], [DateOut], [DueDate]) VALUES (4, 1, 24, N'2022-10-19', N'2022-12-04');
INSERT INTO [BOOK_LOANS] ([BookId], [BranchId], [CardNo], [DateOut], [DueDate]) VALUES (1, 1, 25, N'2022-08-30', N'2022-09-11');
INSERT INTO [BOOK_LOANS] ([BookId], [BranchId], [CardNo], [DateOut], [DueDate]) VALUES (2, 1, 25, N'2022-09-21', N'2022-10-03');
INSERT INTO [BOOK_LOANS] ([BookId], [BranchId], [CardNo], [DateOut], [DueDate]) VALUES (3, 1, 25, N'2022-10-17', N'2022-11-17');
INSERT INTO [BOOK_LOANS] ([BookId], [BranchId], [CardNo], [DateOut], [DueDate]) VALUES (4, 1, 25, N'2022-08-27', N'2022-09-11');
INSERT INTO [BOOK_LOANS] ([BookId], [BranchId], [CardNo], [DateOut], [DueDate]) VALUES (1, 2, 25, N'2022-10-23', N'2022-11-14');
INSERT INTO [BOOK_LOANS] ([BookId], [BranchId], [CardNo], [DateOut], [DueDate]) VALUES (2, 2, 25, N'2022-10-03', N'2022-10-19');
INSERT INTO [BOOK_LOANS] ([BookId], [BranchId], [CardNo], [DateOut], [DueDate]) VALUES (1, 3, 25, N'2022-10-22', N'2022-11-17');
INSERT INTO [BOOK_LOANS] ([BookId], [BranchId], [CardNo], [DateOut], [DueDate]) VALUES (2, 3, 25, N'2022-08-25', N'2022-09-13');
INSERT INTO [BOOK_LOANS] ([BookId], [BranchId], [CardNo], [DateOut], [DueDate]) VALUES (1, 4, 25, N'2022-10-20', N'2022-12-03');
INSERT INTO [BOOK_LOANS] ([BookId], [BranchId], [CardNo], [DateOut], [DueDate]) VALUES (2, 4, 25, N'2022-09-15', N'2022-09-28');
INSERT INTO [BOOK_LOANS] ([BookId], [BranchId], [CardNo], [DateOut], [DueDate]) VALUES (3, 4, 25, N'2022-10-19', N'2022-10-31');
INSERT INTO [BOOK_LOANS] ([BookId], [BranchId], [CardNo], [DateOut], [DueDate]) VALUES (4, 4, 25, N'2022-10-17', N'2022-11-05');

